date,top5_realized_return,portfolio_return_after_cost,benchmark_return,equity,benchmark_equity,drawdown
2025-01-02,-0.02673968368960138,-0.005947936737920276,-0.005206696568192626,9940520.632620797,9947933.034318075,-0.0059479367379203785
2025-01-03,-0.03219093962580113,-0.007038187925160226,-0.0057790748102157785,9870557.38033448,9890443.185105734,-0.012944261966552073
2025-01-06,0.0024927198651629734,-0.0001014560269674054,-0.0029908880084605943,9869555.952798717,9860861.97718504,-0.013044404720128355
2025-01-07,-0.002190448604100714,-0.001038089720820143,-0.002215859613434132,9859310.468215058,9839011.691376148,-0.014068953178494215
2025-01-08,0.04491599647093201,0.008383199294186402,-0.00154243627591441,9941963.032773362,9823835.642824223,-0.005803696722663787
2025-01-09,0.02821144623433025,0.00504228924686605,0.00020105089756784655,9992093.286066255,9825810.733797772,-0.0007906713933745202
2025-01-10,-0.011492020006422576,-0.0028984040012845153,0.00461702917829326,9963132.162904711,9871176.788656102,-0.003686783709528907
2025-01-13,0.01210995166946025,0.00182199033389205,0.003846479578615175,9981284.893400813,9909146.06859057,-0.0018715106599187514
2025-01-14,0.02875504879062978,0.005151009758125956,0.005005703457464966,10032698.589285355,9958748.315326639,0.0
2025-01-15,-0.0076969604385348726,-0.002139392087706975,0.001520194398031048,10011234.71330509,9973887.548726998,-0.0021393920877069705
2025-01-16,-0.020948881173212853,-0.004789776234642571,0.002853142446382208,9963283.139195872,10002344.470647715,-0.00691892111297121
2025-01-17,-0.0059749840524389915,-0.0017949968104877985,0.00128367073054073,9945399.07773903,10015184.187481472,-0.008701498482129089
2025-01-20,0.0052969633071176855,0.0004593926614235371,0.0015916472238285452,9949967.921090273,10031124.82758961,-0.008246103225251433
2025-01-21,0.06644202915752495,0.012688405831504991,0.0037994169539710384,10076217.152083524,10069237.253326954,0.0
2025-01-22,0.08186311798234418,0.015772623596468836,0.00569275030025907,10235145.53249962,10126558.90672421,0.0
2025-01-23,0.0704476431965539,0.013489528639310782,0.0035120094577209115,10373212.821287788,10162123.477378795,0.0
2025-01-24,0.054672585076526524,0.010334517015305305,0.002787900958811514,10480414.96569277,10190454.47116494,0.0
2025-01-27,0.00457106485788541,0.00031421297157708194,-0.001150677894446464,10483708.048022501,10178728.540470608,0.0
2025-01-28,-0.014692899680969273,-0.003538579936193855,-0.002161591236739835,10446610.609066855,10156726.290056372,-0.0035385799361937753
2025-01-29,-0.0013142897834916845,-0.000862857956698337,-0.002543512308711235,10437596.667982291,10130892.531721404,-0.004398384601038918
2025-01-30,-0.024247022562997222,-0.005449404512599444,-0.003469546485748512,10380717.981599096,10095742.929140475,-0.009823820536745242
2025-01-31,-0.002183577629126243,-0.0010367155258252487,-0.003711359206651182,10369956.130098358,10058274.000672426,-0.010850351555297233
2025-02-03,0.04868095455454702,0.009136190910909404,0.0024204037956979518,10464698.02904069,10082619.085241823,-0.0018132915276476425
2025-02-04,0.0562439962665783,0.01064879925331566,0.000684408528400697,10576134.497598514,10089519.715732379,0.0
2025-02-05,0.012820125882064382,0.001964025176412877,-0.0001964550584827835,10596906.292020926,10087537.578546561,0.0
2025-02-06,0.02808909014039136,0.005017818028078273,0.0011290588377543423,10650079.639454884,10098927.0020008,0.0
2025-02-07,0.020499541502668573,0.0034999083005337146,0.0019198082254134167,10687353.941586358,10118315.005127091,0.0
2025-02-10,0.05977308026005881,0.011354616052011763,0.004245981878427392,10808704.742205026,10161277.18727908,0.0
2025-02-11,0.028088289708870385,0.005017657941774077,0.0034536844999020835,10862939.125395041,10196371.032799993,0.0
2025-02-12,0.04008926271379103,0.0074178525427582055,0.005515742999446041,10943518.80600818,10252611.594943915,0.0
2025-02-13,0.041130170578674366,0.007626034115734873,0.0037857335039091864,11026974.453768985,10291425.25016146,0.0
2025-02-14,0.015088424500781406,0.002417684900156281,0.0027376428551220957,11053634.203400271,10319599.496966587,0.0
2025-02-17,0.026591085840164543,0.004718217168032909,0.004826961923484109,11105787.65006791,10369411.810804052,0.0
2025-02-18,0.03197293562198045,0.00579458712439609,0.002755604373347531,11170141.104191272,10397985.807338944,0.0
2025-02-19,0.0019304826663256503,-0.00021390346673486998,0.0008870409197493205,11167751.772285167,10407209.246233026,-0.00021390346673488825
2025-02-20,0.010848023027660813,0.0015696046055321624,0.0010117379812511072,11185280.726900388,10417738.615106268,0.0
2025-02-21,-0.02592257242782874,-0.005784514485565748,0.0017031567421975575,11120579.308510514,10435481.656867037,-0.005784514485565606
2025-02-24,-0.04493255342466011,-0.009586510684932022,0.000973646940591706,11013971.756146844,10445642.131655846,-0.01531557186057464
2025-02-25,-0.027749296679037316,-0.006149859335807463,0.0011101593160404782,10946237.379117984,10457238.458580328,-0.021371242583792194
2025-02-26,-0.018461770501033547,-0.004292354100206709,-0.0007081379340614413,10899252.252221892,10449833.29134228,-0.02557186374326781
2025-02-27,-0.053537513525820236,-0.011307502705164047,0.0009842658066502173,10776008.927895628,10460118.704936143,-0.03659021252997874
2025-02-28,0.008416644097376302,0.0010833288194752606,0.0014403072377751037,10787682.888926141,10475184.48961485,-0.035546522942247805
2025-03-03,-0.026607288716709875,-0.005921457743341975,0.0006262547562459263,10723804.080550792,10481744.623724025,-0.04125749345206453
2025-03-04,-0.00727080056170164,-0.002054160112340328,0.001106181483332507,10701775.669955973,10493339.335539807,-0.043226904067020344
2025-03-05,0.0005429050880112474,-0.0004914189823977506,0.0024239761453972164,10696516.614246393,10518774.939774714,-0.04369708052820942
2025-03-06,0.034283986688237865,0.006256797337647574,-0.001776541593892212,10763442.550920513,10500087.898577414,-0.03771368696767374
2025-03-07,-0.005459502488477375,-0.001691900497695475,-0.00228918272008269,10745231.877111694,10476051.278800642,-0.0393417796596186
2025-03-10,0.038298212974198886,0.007059642594839778,0.0002922449468688161,10821089.37376278,10479112.851850009,-0.03255987596822074
2025-03-11,0.008530323637285075,0.001106064727457015,-0.0007195348784934377,10833058.199031759,10471572.764657434,-0.03148982457110261
2025-03-12,0.012279202204719186,0.0018558404409438373,-0.0012276638646386612,10853162.62653662,10458717.19316833,-0.029692424220076008
2025-03-13,0.0011094381578243607,-0.0003781123684351279,0.0010140242659529022,10849058.91151089,10469322.58619294,-0.0300593095156646
2025-03-14,0.010355262635734297,0.0014710525271468594,0.0007542765885649159,10865018.447039833,10477219.351117838,-0.028632475811745106
2025-03-17,0.014435541715126177,0.0022871083430252353,-0.000268302964219454,10889867.92137718,10474408.282109156,-0.02641085304303048
2025-03-18,0.04081642953109441,0.007563285906218882,0.0006113698333670168,10972231.105947517,10480812.019355208,-0.01904731996940323
2025-03-19,0.005031012466889306,0.0004062024933778612,-0.0002247091217280894,10976688.053580672,10478456.885291342,-0.01864885454488907
2025-03-20,0.026772715346090315,0.0047545430692180635,-0.0010971430798077956,11028877.18968879,10466960.51883258,-0.013982978257796375
2025-03-21,0.04398418537090008,0.008196837074180017,-0.0022694997473118625,11119279.099123811,10443205.754579965,-0.0059007573782071665
2025-03-24,-0.023327687453466472,-0.005265537490693295,-0.004502252247799522,11060730.118157893,10396187.807997175,-0.011135224209702033
2025-03-25,-0.037143767609649256,-0.008028753521929851,-0.003813822163795492,10971926.242266618,10356538.596516054,-0.019074575761040657
2025-03-26,0.0018910546917900062,-0.0002217890616419988,-0.002245997485919725,10969492.78904094,10333277.83686545,-0.019292134290423424
2025-03-27,-0.06167519418338878,-0.012935038836677756,-0.014901660950454419,10827601.973796038,10179294.834033635,-0.031977628620812215
2025-03-28,-0.037528198322674865,-0.008105639664534973,-0.01946405693997374,10739837.33376544,9981164.459775222,-0.03982406915042058
2025-03-31,-0.12218811151228728,-0.025037622302457457,-0.029234403513060628,10470937.34301279,9689371.070427934,-0.06386459145094281
2025-04-01,-0.16344125874397533,-0.03328825174879507,-0.03706786052348716,10122378.144692719,9330206.815028999,-0.09502690260168511
2025-04-02,-0.0991052422275059,-0.020421048445501182,-0.02493795984437888,9915668.570216266,9097530.492136056,-0.11350740206553134
2025-04-03,0.0754405809187699,0.014488116183753981,-0.0060910403354574,10059327.928501157,9042117.0669554,-0.10066379431061889
2025-04-04,0.05980112474955546,0.011360224949911093,0.0036975345514631795,10173604.156613855,9075550.607228843,-0.09044713270838789
2025-04-07,0.0881339132842546,0.01702678265685092,0.015615347550817527,10346827.903425353,9217268.484175757,-0.07496037372209818
2025-04-08,0.14269016080643188,0.027938032161286378,0.014992339812033743,10635897.914158545,9355456.905429268,-0.049116586892681835
2025-04-09,0.158237267356024,0.031047453471204804,0.018036395547175184,10966115.459772868,9524195.626700142,-0.01959407836769189
2025-04-10,0.0387345093799585,0.007146901875991701,0.0070921496077559695,11044489.21092466,9591742.646978235,-0.01258721344714453
2025-04-11,-0.07089400156322805,-0.014778800312645609,-7.069155152437907e-05,10881264.910321238,9591064.591808697,-0.027179989845761976
2025-04-14,-0.052303627798601295,-0.01106072555972026,-0.004664828497761119,10760910.22540556,9546323.92037696,-0.037940084997082235
2025-04-15,-0.0014809393768324686,-0.0008961878753664938,-0.004422502695427095,10751266.428133644,9504105.277107673,-0.038802271428284074
2025-04-16,0.04582789961277407,0.008565579922554816,0.0029950170449412248,10843357.259992503,9532570.234409528,-0.030569055462824957
2025-04-17,0.05085424664256362,0.009570849328512725,0.0038372789936245164,10947137.398543125,9569149.365925279,-0.021290777958261953
2025-04-18,0.03887040583681336,0.007174081167362672,0.001431110344780926,11025673.050790545,9582843.874573607,-0.01426943856008811
2025-04-21,0.0651268130114373,0.012425362602287462,0.005055087404083439,11162671.036380885,9631285.98793926,-0.002021378906040927
2025-04-22,0.07651006015371867,0.014702012030743734,0.008174921754188552,11326784.760252992,9710020.997282878,0.0
2025-04-23,0.09463387912985088,0.018326775825970178,0.007609821429549925,11534368.205383163,9783912.52314938,0.0
2025-04-24,0.066941805182132,0.0127883610364264,0.005231829403695965,11681873.87032068,9835100.284371182,0.0
2025-04-25,0.07009497715784266,0.013418995431568532,0.0061407127974864775,11838632.882418672,9895494.810551982,0.0
2025-04-28,0.03377847930593012,0.0061556958611860245,0.008028634613492193,11911507.905855076,9974942.122705612,0.0
2025-04-29,0.01488916303849439,0.002377832607698878,0.007372118364138618,11939831.47776048,10048478.57670963,0.0
2025-04-30,0.0010682527890926608,-0.0003863494421814679,0.0035596874170791314,11935218.530529307,10084248.019459933,-0.0003863494421815217
2025-05-01,0.044187999866909376,0.008237599973381875,0.0038704864670958935,12033536.086378703,10123278.964950092,0.0
2025-05-02,0.023523906259488546,0.004104781251897709,0.0014383591136942653,12082931.119700106,10137839.875509797,0.0
2025-05-05,0.037149563451358315,0.006829912690271663,0.006371858373009482,12165456.484290224,10202436.755404793,0.0
2025-05-06,0.028071548468116568,0.005014309693623314,0.00858240649785003,12226457.850666752,10289998.214908283,0.0
2025-05-07,0.05130190434904749,0.009660380869809498,0.00925416268097417,12344570.090192866,10385223.532375978,0.0
2025-05-08,0.024348512772386567,0.004269702554477314,0.006699323656598717,12397277.732640887,10454797.50606549,0.0
2025-05-09,-0.015595155788156623,-0.003719031157631325,0.005395407816081347,12351171.870483387,10511205.402245265,-0.0037190311576312807
2025-05-12,-0.01703605824660177,-0.0040072116493203545,0.0015071730933933598,12301678.110681228,10527047.60820666,-0.007711339861972588
2025-05-13,0.011922927921333759,0.001784585584266752,0.0011266281705794722,12323631.508099841,10538907.676595097,-0.005940515823658732
2025-05-14,0.05447549871192085,0.010295099742384172,-1.7991224748259427e-06,12450504.523664115,10538888.715809437,0.0
2025-05-15,0.06044485890707887,0.011488971781415775,-0.0012464027811442404,12593548.01880088,10525753.015603881,0.0
2025-05-16,-0.0133160722573056,-0.0032632144514611206,-6.607049306472163e-05,12552452.57091076,10525057.573912263,-0.0032632144514611605
2025-05-19,0.032586440988166585,0.005917288197633317,0.004985924622040746,12626729.05035996,10577534.717618428,0.0
2025-05-20,0.03503102760620713,0.006406205521241427,0.00519577202481134,12707618.471717596,10632493.176595699,0.0
2025-05-21,0.04598312976317405,0.00859662595263481,0.004192347686271259,12816861.114467746,10677068.284763895,0.0
2025-05-22,0.03840126802191892,0.007080253604383784,0.005530912281988664,12907607.74157034,10736122.212875728,0.0
2025-05-23,0.027037928479929606,0.004807585695985921,0.004253044656928966,12969662.17191811,10781783.420089334,0.0
2025-05-26,0.013505994358230123,0.0021011988716460248,0.002667027488331713,12996914.011439374,10810538.732843952,0.0
2025-05-27,0.006014364332824785,0.0006028728665649569,0.0022010713963172934,13004749.498245949,10834333.500427594,0.0
2025-05-28,-0.007313514976229274,-0.002062702995245855,0.00262763798936109,12977924.562503496,10862802.206722725,-0.002062702995245802
2025-05-29,-0.005065010762303324,-0.0016130021524606649,0.0017655631230777313,12956991.142249707,10881981.169712203,-0.003672378003335086
2025-05-30,-0.005948000215097937,-0.0017896000430195876,0.0015599216697526346,12933803.310344134,10898956.207948677,-0.005455405958521897
2025-06-02,-0.043135231667579266,-0.009227046333515853,-0.002460802025951314,12814462.507931007,10872136.034431402,-0.014632115008490376
2025-06-03,-0.0383766030672887,-0.00827532061345774,-0.0029494099747728016,12708418.722188745,10840069.647964364,-0.02278635017899977
2025-06-04,-0.0320540166681406,-0.007010803333628121,-0.0029505536092473946,12619322.497846082,10808085.44134007,-0.029637402892831788
2025-06-05,-0.017220230958340355,-0.004044046191668071,-0.0009781095442552808,12568289.374757236,10797513.949814769,-0.03356159405820014
2025-06-06,-0.04067409217867664,-0.008734818435735328,-0.0011613350068404385,12458507.64902095,10784974.418878,-0.04200325806342331
2025-06-09,-0.013912045010361895,-0.003382409002072379,0.0044694590588769,12416367.880596513,10833177.42049421,-0.04524359486730567
2025-06-10,0.002893623950842206,-2.1275209831558882e-05,0.003953606462258611,12416103.719764508,10876007.54075067,-0.04526390751016274
2025-06-11,0.006436446326204726,0.0006872892652409451,0.003947481890531533,12424637.17456722,10918940.383559069,-0.044607727642656414
2025-06-12,0.00029935854543443606,-0.0005401282909131128,0.0023774109503812424,12417926.276524907,10944899.191993503,-0.04512376203787638
2025-06-13,0.03544000911831495,0.00648800182366299,0.004563198681212429,12498493.804853113,10994842.941552412,-0.03892852326460561
2025-06-16,0.011069396916374541,0.001613879383274908,0.0015850969627682486,12518664.866326755,11012270.83370518,-0.03737746982244883
2025-06-17,0.015305488353440321,0.0024610976706880647,0.0019337649029645449,12549474.523269396,11033565.976545338,-0.03500836175567701
2025-06-18,0.02070543329604906,0.0035410866592098123,0.0022123192907581904,12593913.300083838,11057975.747401102,-0.031591242739240966
2025-06-19,-0.029346787132647534,-0.006469357426529507,0.0013319179572719687,12512438.773546873,11072704.063870143,-0.03785622512494213
2025-06-20,0.03390529196841337,0.006181058393682674,0.003138519778183187,12589778.888253545,11107455.96457257,-0.03190915826932106
2025-06-23,-0.022376807555959166,-0.005075361511191833,0.00410956948623854,12525881.209049689,11153102.826674314,-0.03682256926677818
2025-06-24,0.005882901417019748,0.0005765802834039495,0.0018838191570554387,12533103.385187086,11174113.255439812,-0.03626722015079786
2025-06-25,0.01257680409058981,0.0019153608181179621,0.0041651495574474085,12557108.800340494,11220655.108320575,-0.034421324145138765
2025-06-26,0.011295023054210462,0.0016590046108420924,0.004140084784825417,12577941.101739103,11267109.571810307,-0.03281942466976495
2025-06-27,0.008368835106549977,0.0010737670213099954,0.003994746991541303,12591446.880090129,11312118.823875662,-0.031780898064323826
2025-06-30,-0.005774382567523939,-0.001754876513504788,0.004545294771294311,12569350.445689214,11363535.738418084,-0.03348000302623744
2025-07-01,0.019285812164641446,0.0032571624329282896,0.006950824113505991,12610290.861767223,11442521.676643366,-0.03033189040142059
2025-07-02,0.031104025035392092,0.005620805007078419,0.005976904699720625,12681170.847783761,11510912.53822915,-0.024881575035784587
2025-07-03,0.040518955784995335,0.0075037911569990675,0.006523946739157642,12776327.705451755,11586009.11854766,-0.01756449002151117
2025-07-04,0.061337146689138144,0.01166742933782763,0.006129920346328591,12925394.606152043,11657030.431576192,-0.006101993129864591
2025-07-07,0.0233214028000726,0.00406428056001452,0.006550258810802402,12977927.036180343,11733386.997868417,-0.002062512781905057
2025-07-08,0.0236762787238197,0.004135255744763941,0.004113532769057262,13031594.083511837,11781652.66977618,0.0
2025-07-09,0.0235588184405112,0.00411176368810224,0.00454401760566571,13085176.918862509,11835188.706931481,0.0
2025-07-10,0.05950815157361515,0.01130163031472303,0.0053836152162076885,13233060.751002239,11898904.808940807,0.0
2025-07-11,0.05407005193145786,0.010214010386291574,0.006055370272222195,13368223.370955404,11970957.083392868,0.0
2025-07-14,0.021318013838647665,0.0036636027677295338,0.0033886907852458863,13417199.231096862,12011522.955351934,0.0
2025-07-15,0.035113988965066636,0.006422797793013328,0.006568231745240522,13503375.18870677,12090417.421735961,0.0
2025-07-16,0.028075539454534715,0.005015107890906943,0.006930750599126641,13571096.07216953,12174213.08952535,0.0
2025-07-17,0.0013407176412479683,-0.0003318564717504064,0.006485616217790977,13566592.416109234,12253170.363377618,-0.00033185647175038024
2025-07-18,0.0794920155830233,0.015298403116604659,0.00791741229791075,13774139.615809543,12350183.765101017,0.0
2025-07-21,0.08444779881320112,0.016289559762640224,0.01352277598773897,13998514.286260223,12517192.53356389,0.0
2025-07-22,0.05509411865274656,0.010418823730549313,0.0021014024307314584,14144362.339098345,12543496.192379855,0.0
2025-07-23,0.04719191574140733,0.008838383148281467,0.0024542843721852632,14269375.632839419,12574281.499057379,0.0
2025-07-24,0.09854113833521483,0.019108227667042968,0.002442432804994835,14542038.111098269,12604993.336689916,0.0
2025-07-25,0.03649954812766878,0.006699909625533756,-0.0007211337803159175,14639468.452213695,12595903.45019417,0.0
2025-07-28,0.027374262528411707,0.004874852505682342,-0.0017733621896823236,14710833.701679826,12573566.351270707,0.0
2025-07-29,0.08949151079179987,0.017298302158359976,0.0062083793572803095,14965306.148052868,12651627.82105333,0.0
2025-07-30,0.058583267811660324,0.011116653562332065,0.006683693422534033,15131670.271955011,12736187.422705254,0.0
2025-07-31,0.03189827652479471,0.0057796553049589425,0.008457792427155763,15219126.110315206,12843907.452239847,0.0
2025-08-01,0.06887212339631418,0.013174424679262838,0.01039883292259018,15419629.340939756,12977469.0999089,0.0
2025-08-04,0.040925609814404365,0.007585121962880874,0.008955615400897477,15536589.1101132,13093690.322044713,0.0
2025-08-05,0.08970089128458021,0.017340178256916042,0.0116438924127504,15805996.334787022,13246151.843440473,0.0
2025-08-06,0.022306408535956047,0.0038612817071912095,0.010435446110100754,15867027.739298467,13384381.34716891,0.0
2025-08-07,0.04848635961983827,0.009097271923967655,0.009540948487811158,16011374.405268002,13512081.040143467,0.0
2025-08-08,0.1350344843236991,0.026406896864739824,0.006746291135807463,16434185.117850648,13603237.472690899,0.0
2025-08-11,0.12624794741502088,0.024649589483004178,0.006571421306501678,16839281.03449336,13692630.07725634,0.0
2025-08-12,0.041329279699859243,0.0076658559399718496,0.005792376920811067,16968368.537036486,13771942.951701043,0.0
2025-08-13,0.03252068609587122,0.005904137219174245,0.0018442883684828774,17068552.113264665,13797342.385898275,0.0
2025-08-14,0.007377524003456815,0.0008755048006913629,0.00019776905597488652,17083495.71258068,13800071.073276896,0.0
2025-08-15,0.052780104993412166,0.009956020998682435,-0.0024132976052879205,17253579.354626033,13766767.394802954,0.0
2025-08-18,-0.021519592012075518,-0.004903918402415104,-0.008909969945565947,17168969.209321354,13644105.911067663,-0.004903918402415108
2025-08-19,-0.030477112558786313,-0.006695422511757263,-0.0042042875712886025,17054015.706373595,13586742.166164415,-0.011566507108505042
2025-08-20,-0.010895348230617196,-0.00277906964612344,-0.001714547097199298,17006621.4089795,13563447.056823023,-0.014313432625811529
2025-08-21,-0.005364616438200942,-0.0016729232876401883,-0.0005115640960945377,16978170.635980338,13556508.484289473,-0.015962410638685975
2025-08-22,0.0478299225928426,0.008965984518568521,0.0038571158105629062,17130396.65105615,13608797.507500255,-0.00713954484678303
2025-08-25,0.06431489125357204,0.012262978250714408,0.01065247728501068,17340466.332614165,13753764.913825212,0.0
2025-08-26,0.010202793149554324,0.0014405586299108648,0.005972182165288321,17365446.291036293,13835904.903349126,0.0
2025-08-27,0.02297048293139241,0.003994096586278482,0.002036064813681784,17434805.560786527,13864075.70248828,0.0
2025-08-28,-0.05471710070551461,-0.011543420141102923,-0.00533617603834474,17233548.27511993,13790094.553930866,-0.011543420141102878
2025-08-29,-0.0258497052921407,-0.005769941058428141,-0.0040674120760065035,17134111.717344914,13734004.556812936,-0.01724675634570416
2025-09-01,0.031085555693256994,0.0056171111386513995,0.006217111138651399,17230355.92712331,13819390.389521386,-0.01172652215422787
2025-09-02,0.04799569791866461,0.008999139583732923,0.0058936061131226875,17385414.30518889,13900836.433200698,-0.0028329111801925766
2025-09-03,-0.029522727916493307,-0.006504545583298662,-0.005803053135540578,17272330.085356254,13820169.140750377,-0.009319029963586356
2025-09-04,-0.024403823981967367,-0.005480764796393474,-0.00629155756279127,17177664.506672747,13733218.751073834,-0.014748719348618766
2025-09-05,0.021575846968877356,0.0037151693937754714,-0.0008250234426923607,17241482.44010448,13721888.523660576,-0.011088343945564794
2025-09-08,0.05585110774288353,0.010570221548576706,0.007991255000026593,17423728.72932228,13831543.633935085,-0.0006353286490994314
2025-09-09,0.04248745265659082,0.007897490531318165,0.005308893348303472,17561332.461982362,13904973.823930051,0.0
2025-09-10,0.009429075127611198,0.0012858150255222395,0.0028988741972747717,17583913.08713017,13945282.593762025,0.0
2025-09-11,0.029020755492707682,0.005204151098541537,0.001916123525949873,17675422.427739218,13972003.477815952,0.0
2025-09-12,0.008620488124106495,0.001124097624821299,-0.0006639429292901021,17695291.328107953,13962726.86489884,0.0
2025-09-15,-0.03070356521624351,-0.006740713043248702,-0.005873715424590583,17576012.44704849,13880713.780743139,-0.006740713043248747
2025-09-16,-0.0036144296743257478,-0.0013228859348651497,-0.005168746231162001,17552761.387391273,13808967.893703084,-0.008054681783638107
2025-09-17,0.003273892502403131,5.4778500480626136e-05,0.00025194776870970416,17553722.901339367,13812447.032352088,-0.008000344506547519
2025-09-18,0.016255106223071736,0.002651021244614348,0.0011178797344975277,17600258.193672888,13827887.686973374,-0.0053705323451843645
2025-09-19,0.03505157767200671,0.006410315534401342,0.00022662532144828966,17713081.402181264,13831021.436465384,0.0
2025-09-22,0.029049842918807633,0.0052099685837615275,0.002054866993941116,17805365.999808237,13859442.34590767,0.0
2025-09-23,0.009885299559745642,0.0013770599119491283,0.0010284230020708883,17829885.055544157,13873695.715212077,0.0
2025-09-24,-0.0022494770643553207,-0.0010498954128710643,-0.001492008137891001,17811165.541012324,13852996.048302358,-0.001049895412870927
2025-09-25,-0.04501287151950482,-0.009602574303900964,-0.00466326532413356,17640132.500465672,13788395.85219495,-0.010642388018058502
2025-09-26,0.031187373912265604,0.005637474782453121,-0.004818860655544695,17739578.302596178,13721951.493919732,-0.005064909429682407
2025-09-29,0.033789715527002495,0.0061579431054005,0.0022731736886666405,17848817.61649736,13753143.873012869,0.0
2025-09-30,0.07907120029628087,0.015214240059256173,0.001609725201811866,18120373.81248863,13775282.655309403,0.0
2025-10-01,0.031691417615585096,0.00573828352311702,0.002142784447086631,18224353.654969554,13804800.116737423,0.0
2025-10-02,0.047865288041300594,0.008973057608260119,0.005148737552924751,18387881.8301889,13875877.409509089,0.0
2025-10-03,0.03493701249274137,0.006387402498548275,0.007685492583351654,18505332.632534057,13982520.362427367,0.0
2025-10-06,0.08982282304269677,0.017364564608539357,0.0021425931491753695,18826669.676634207,14012479.214764109,0.0
2025-10-07,0.08306878750447726,0.016013757500895454,0.0021394770689448198,19128155.39938529,14042458.592723165,0.0
2025-10-08,0.06517882106452584,0.01243576421290517,0.0016382072617862162,19366028.62975985,14065463.050363095,0.0
2025-10-09,0.04239305536883087,0.007878611073766174,0.002059296503428606,19518606.03737715,14094428.009241812,0.0
2025-10-10,0.037619414791773796,0.006923882958354759,-0.0006661246168146633,19653750.581090182,14085039.363784933,0.0
2025-10-13,-0.03648628832235192,-0.007897257664470385,-0.011006884098594558,19498539.84867808,13930006.96798361,-0.007897257664470358
2025-10-14,0.028344440455693266,0.005068888091138654,-0.007565585838890446,19597375.765111636,13824618.30453099,-0.002868399888659723
2025-10-15,-0.07184766072179109,-0.014969532144358219,-0.006478357126009771,19304012.21865073,13735057.490023466,-0.01779499342868196
2025-10-16,-0.06337287020500612,-0.013274574041001224,-0.008318563390233317,19047759.67916586,13620801.543624207,-0.030833346511854876
2025-10-17,-0.019578511578956848,-0.0045157023157913695,-0.006115703747316431,18961745.666672014,13537500.756582411,-0.035209814613399004
2025-10-20,-0.0069937246320719735,-0.001998744926414395,0.0022230848568125135,18923845.973724794,13567595.769513458,-0.03713818410149483
2025-10-21,0.013186117658229612,0.002037223531645923,0.004031562210691393,18962398.07805171,13622294.375907766,-0.03517661935242311
2025-10-22,0.03390616185934148,0.006181232371868296,0.004464510718886412,19079609.06690002,13683111.25516483,-0.029212821838828673
2025-10-23,0.04716040347703987,0.008832080695407975,0.004099164997478985,19248121.71381572,13739200.585878614,-0.020638751143241763
2025-10-24,0.030640726086989888,0.005528145217397978,0.0017913360216786633,19354528.125811845,13763812.110797167,-0.015224699939269226
2025-10-27,-0.045701054638341176,-0.009740210927668235,-0.0006024177113069125,19166010.93946095,13755520.546606522,-0.024816619078218527
2025-10-28,-0.010281050164526273,-0.002656210032905255,-0.000895316850213317,19115101.988912784,13743204.99727769,-0.027406910958545416
2025-10-29,-0.036032738063679196,-0.007806547612735839,-0.003898063168427781,18965879.035114035,13689633.11606165,-0.03499950521596529
2025-10-30,-0.01034107331938341,-0.0026682146638766823,-0.004798976806713984,18915273.998559233,13623936.884245247,-0.0375743336867963
2025-10-31,-0.012681365451657944,-0.0031362730903315887,-0.007405605549420784,18855950.5337213,13523043.381650321,-0.04059276340549889
2025-11-03,-0.03902342884362766,-0.008404685768725533,-0.005097344500093751,18697472.194614742,13454111.770844337,-0.04865627975331699
2025-11-04,-0.008895713791155968,-0.002379142758231194,-0.0069576433366038875,18652988.239045694,13360502.859731998,-0.05091966227593059
2025-11-05,-0.019729395398877015,-0.004545879079775403,-0.0021209979834913312,18568194.01003452,13332165.260108076,-0.055234066728216624
2025-11-06,0.01070160712511401,0.0015403214250228018,-0.0008787434098214532,18596794.997092154,13320449.707747106,-0.05377882351956664
2025-11-07,0.015839621992632957,0.002567924398526591,0.0043263719884111046,18644550.160699584,13378078.92823574,-0.05134899907407997
2025-11-10,0.08149319690885796,0.015698639381771594,0.008571725730177877,18937244.23010776,13492752.151605248,-0.036456469111387224
2025-11-11,0.06737166302967265,0.01287433260593453,0.006944923878866369,19181048.610965982,13586458.288214557,-0.024051489214430566
2025-11-12,0.002087915056247569,-0.00018241698875048619,0.0009793348080712363,19177549.661837295,13599763.979734614,-0.02422951880294355
2025-11-13,0.05037187666793406,0.009474375333586813,0.00027316787523605057,19359244.96531204,13603478.998364672,-0.01498470302464805
2025-11-14,0.0253638843483186,0.004472776869663721,-0.0011973332644345718,19445834.548407044,13587191.100447893,-0.01057894938807169
2025-11-17,0.04311265670776314,0.008022531341552628,-0.003700685161956676,19601839.365534287,13536909.183949796,-0.0026412879995455496
2025-11-18,-0.019093804921506318,-0.004418760984301264,-0.005827888664382705,19515223.52252532,13458017.584365878,-0.007048377763486213
2025-11-19,0.02806360746057699,0.005012721492115398,-0.0006015319930338919,19613047.902900122,13449922.156226069,-0.002070987826070292
2025-11-20,0.056854524685513885,0.010770904937102779,0.0004247932025872729,19824298.1773891,13455635.591733363,0.0
2025-11-21,-0.003917637223824965,-0.0013835274447649931,0.00039565752513246735,19796870.716787476,13460959.415210672,-0.0013835274447651091
2025-11-24,-0.0006171957732169275,-0.0007234391546433855,-0.00011889613133839338,19782548.88537154,13459358.9592121,-0.002105965701483359
2025-11-25,0.029216738866013215,0.005243347773202643,0.003204034077056388,19886275.669017922,13502483.203972751,0.0
2025-11-26,-0.0003047534197550217,-0.0006609506839510044,0.0016289917339570835,19873131.821513247,13524478.637499917,-0.0006609506839510004
2025-11-27,0.012673428455880976,0.0019346856911761953,0.002960704401282012,19911580.085287187,13564520.620927008,0.0
2025-11-28,0.03568803669845209,0.006537607339690418,0.002257415751879793,20041754.177397594,13595141.383443387,0.0
2025-12-01,0.00976045687074023,0.0013520913741480462,0.0017577761377426092,20068852.460343648,13619038.59855644,0.0
2025-12-02,0.02289398159306788,0.003978796318613576,-0.0007383219473440399,20148702.33663166,13608983.3634574,0.0
2025-12-03,0.015909692563582167,0.0025819385127164333,-0.0034956790396258267,20200725.047175866,13561410.725563146,0.0
2025-12-04,-0.009281810156074922,-0.0024563620312149847,-0.005657246833256656,20151104.75316697,13484690.477681462,-0.0024563620312149093
2025-12-05,-0.048146574901739125,-0.010229314980347825,-0.010547747896926151,19944972.75544484,13342457.362054797,-0.012660550110639823
2025-12-08,-0.05244085766518778,-0.011088171533037556,-0.009717630669616714,19723819.476310708,13212800.289185239,-0.023608339292347846
2025-12-09,-0.04177814710241636,-0.008955629420483273,-0.004437020404590202,19547180.25832436,13154174.82470035,-0.03235254117489583
2025-12-10,-0.01081907914727458,-0.0027638158294549164,-0.005199749899456158,19493155.45210519,13085776.405478185,-0.03502694053892863
2025-12-11,-0.034176298497691306,-0.007435259699538261,-0.004029085563549543,19348218.778955318,13033052.692675035,-0.04220176583907964
2025-12-12,0.05650383036213789,0.010700766072427578,0.004007077115935328,19555259.54202707,13085277.139870632,-0.03195259099073933
2025-12-15,0.08156404918802349,0.0157128098376047,0.00819268516674386,19862527.616535947,13192480.695797183,-0.01674184613919094
2025-12-16,0.060840036037530784,0.011568007207506158,0.0034054588483412975,20092297.479163326,13237407.145914257,-0.005367508728489789
2025-12-17,0.08070850369902813,0.015541700739805625,0.005031104522934376,20404565.953759633,13304005.924877988,0.0
2025-12-18,0.02905745355123488,0.005211490710246977,0.00293999879533092,20510904.159674272,13343119.686270205,0.0
2025-12-19,0.024676882165695923,0.004335376433139185,0.0007026968955904776,20599826.6501905,13352495.85505124,0.0
2025-12-22,0.03863633706795568,0.007127267413591137,-0.0010592752277727502,20746647.12340003,13338351.886963047,0.0
2025-12-23,-0.00763887316017402,-0.002127774632034804,0.000191473592641296,20702502.93395108,13340905.829118758,-0.00212777463203484
2025-12-24,0.02237478727913844,0.003874957455827689,1.753734289654931e-06,20782724.252049286,13340929.225522764,0.0
2025-12-25,0.07412506436196042,0.014225012872392086,-0.0003876078874549314,21078358.772058066,13335758.176128972,0.0
2025-12-26,0.06511785781006652,0.012423571562013304,0.0025577355256407035,21340227.270672522,13369867.518577412,0.0
2025-12-29,0.06321882379172636,0.012043764758345272,0.004416884801469797,21597243.94781013,13428920.683217881,0.0
2025-12-30,0.043067682299610624,0.008013536459922125,0.0036365958390403783,21770314.249619737,13477756.240297273,0.0
2025-12-31,0.0659828946039773,0.012596578920795461,0.002927677397498763,22044545.731195588,13517214.762610987,0.0
2026-01-02,0.0584245803529214,0.01108491607058428,0.0034664388582194188,22288907.670440048,13564071.361119,0.0
2026-01-05,0.04464659634895032,0.008329319269790064,0.008487220909499911,22474559.098602016,13679192.631193038,0.0
2026-01-06,0.06166032006535085,0.01173206401307017,0.009537850552141895,22738232.064612344,13809662.72618332,0.0
2026-01-07,0.05595669802312701,0.010591339604625404,0.006588581604748369,22979060.402417433,13900648.815988831,0.0
2026-01-08,0.0035734372607719943,0.00011468745215439881,0.007882673783046412,22981695.81230789,14010223.095977962,0.0
2026-01-09,0.11629785273472681,0.022659570546945364,0.008573164492619119,23502451.169855323,14130335.043158071,0.0
2026-01-12,0.04443974146344476,0.008287948292688953,0.0049527249158731,23697238.26990253,14200318.705595955,0.0
2026-01-13,0.08675276706381194,0.016750553412762388,0.0028856102981219176,24094180.12527749,14241295.291489435,0.0
2026-01-14,0.062375296121383636,0.011875059224276728,0.000359239897901762,24380299.94122555,14246411.33295594,0.0
2026-01-15,0.00038718511350082084,-0.0005225629772998359,0.0007655974082351682,24367559.699100804,14257318.348549103,-0.0005225629772996898
2026-01-16,-0.018715801176570745,-0.004343160235314149,-0.0023743668265752173,24261727.482784025,14223466.244826386,-0.004863453637870441
2026-01-19,-0.015692840449446566,-0.0037385680898893133,-0.0073988439671646,24171023.3626113,14118229.037408682,-0.008583839375182478
2026-01-20,-0.036479741138930065,-0.007895948227786014,-0.005292115193444944,23980170.213527516,14043513.743015274,-0.01641201005166637
2026-01-21,-0.022383127678880822,-0.005076625535776164,-0.003977231595238985,23858431.869069263,13987659.43644838,-0.02140531795812084
2026-01-22,-0.027912966959404352,-0.006182593391880871,-0.004537754567556998,23710924.885854915,13924186.870951205,-0.02745557097264273
2026-01-23,0.06945847388361574,0.013291694776723149,-0.00017663754310093564,24026083.262311507,13921727.336792642,-0.014528807265208665
2026-01-26,0.06399271235250618,0.012198542470501238,0.0037711132104245766,24319166.459386617,13974227.746664349,-0.002507495067177623
2026-01-27,-0.012667127681491808,-0.003133425536298362,0.004919902770884215,24242964.162181284,14042979.588476129,-0.005633063554400408
2026-01-28,-0.03234667377565077,-0.007069334755130155,0.004789667523696892,24071582.5330622,14110240.79174699,-0.012662576297567507
2026-01-29,-0.018510512594279514,-0.004302102518855903,-2.063721989935868e-05,23968024.117213868,14109949.59560494,-0.016910203115038436
2026-01-30,-0.00970137438678742,-0.002540274877357484,-0.00534725905848734,23907138.74768901,14034500.039815042,-0.01940752142825186
2026-02-02,0.008166612191246259,0.0010333224382492517,-0.0044278785114827204,23931842.530591335,13972356.978669342,-0.01839425321736521
2026-02-03,0.012730096351562147,0.0019460192703124296,-0.00759815726209422,23978414.35732995,13866192.813023292,-0.016484029518276655
2026-02-04,0.08410884966945742,0.016221769933891485,-0.0036695066016347866,24367386.67841408,13815310.726956362,-0.000529659718814024
2026-02-05,0.1024532571113373,0.019890651422267463,0.00018283350939696008,24852069.872906018,13817836.62869998,0.0
2026-02-06,0.09500066371265925,0.01840013274253185,0.004763108257758765,25309351.257494166,13883652.480450504,0.0
2026-02-09,0.11769729751949995,0.02293945950389999,0.007217169255862086,25889934.09573544,13983853.150291484,0.0
2026-02-10,0.08262571693040606,0.01592514338608121,0.009726693231246707,26302235.008466218,14119869.800075173,0.0
2026-02-11,0.06175684222755147,0.011751368445510295,0.005842331032040045,26611322.262991108,14202362.753576519,0.0
2026-02-12,-0.003759114385108875,-0.001351822877021775,0.005721704691033537,26575348.468768198,14283624.479167419,-0.0013518228770217355
2026-02-13,0.026669461734102496,0.004733892346820499,0.004945698834235877,26701153.30749859,14354266.984102698,0.0
2026-02-17,0.036951814612687414,0.006790362922537483,0.005291675213697617,26882463.828906815,14430225.102913272,0.0
2026-02-18,0.04658218137207335,0.00871643627441467,0.007181580001875493,27116783.11177074,14533856.918934915,0.0
2026-02-19,0.05137671338730021,0.009675342677460043,0.0066322499110254745,27379147.280687485,14630249.090192378,0.0
2026-02-20,0.025710186737875396,0.0045420373475750795,0.0020193067773019054,27503504.390181128,14659792.051333819,0.0
2026-02-23,-0.06194180011976347,-0.012988360023952695,-3.0241299114449325e-05,27146278.973241094,14659348.720177438,-0.01298836002395265
2026-02-24,-0.038532812738998445,-0.00830656254779969,-0.0029728780585737942,26920786.70900985,14615768.26401424,-0.021187033946819978
2026-02-25,-0.03950339142530155,-0.00850067828506031,-0.004525813428157167,26691941.762015827,14549620.023742132,-0.02950760807248376
2026-02-26,-0.04729942296556171,-0.010059884593112342,-0.006260956013901177,26423423.908323873,14458525.492754506,-0.03927064953376813
2026-02-27,-0.04549882363459845,-0.00969976472691969,-0.009555795499079329,26167122.913133465,14320362.779927518,-0.04858949819953695
2026-03-02,-0.10084476828816169,-0.02076895365763234,-0.018728336445967442,25623659.149997026,14052166.207756726,-0.06834929882081553
2026-03-03,-0.08034641530981199,-0.016669283061962397,-0.015292113910880423,25196531.122542482,13837278.881413087,-0.0838792480736471
2026-03-04,-0.010117778269809464,-0.002623555653961893,-0.007985659299089693,25130426.620855708,13726779.086639633,-0.0862827418520754
2026-03-05,-0.04408209924449933,-0.009416419848899866,-0.007717158912393524,24893787.972811762,13620847.351072716,-0.09488668717798177
2026-03-06,-0.0782366616723654,-0.01624733233447308,-0.005253865065762958,24489330.32655358,13549285.257008824,-0.10959236397175709
2026-03-09,-0.04348636096669023,-0.009297272193338046,0.006820734457313408,24261646.35667504,13641701.333833274,-0.11787072612693839
2026-03-10,-0.0380806042071022,-0.00821612084142044,0.004234571772349249,24062309.73839679,13699468.097228345,-0.1251184068388339
2026-03-11,0.01810701662059393,0.0030214033241187863,-0.0017509984481121341,24135011.681026354,13675480.349850137,-0.12247503668504656
2026-03-12,0.0027360761871581428,-5.278476256837146e-05,-0.0020518185570751715,24133737.720165186,13647420.745491398,-0.12252135663188302
2026-03-13,-0.015312935178198827,-0.0036625870356397656,-0.004712806885930688,24045345.805269778,13583103.087026853,-0.12573519853513382
2026-03-16,-0.02955413852624449,-0.006510827705248898,-0.011841308804799864,23888790.701618537,13422261.368845938,-0.13142738602623527
2026-03-17,-0.02554091035877588,-0.0057081820717551765,-0.007926485847039455,23752429.134819645,13315870.004070515,-0.13638535664933782
2026-03-18,-0.05665760697184059,-0.011931521394368119,-0.002685805906250824,23469026.51842933,13280106.161766715,-0.14668959324296593
2026-03-19,-0.08055132558716624,-0.01671026511743325,-0.0026468905157577545,23076852.863258306,13244955.17471888,-0.1609486363673407
2026-03-20,0.005719596346248856,0.0005439192692497713,0.004062071714071682,23089404.808204275,13298757.13248825,-0.16049226016277063
2026-03-23,0.019565856604704425,0.003313171320940885,0.01049632880868651,23165903.96203241,13438345.260097712,-0.15771082719543406
2026-03-24,0.004672295342711674,0.00033445906854233484,0.008001945134330984,23173652.008693494,13545878.16156521,-0.15742911594325448
2026-03-25,0.015908338502295803,0.0025816677004591605,0.004126465973457407,23233478.677586015,13601774.76687951,-0.155253877906538
2026-03-26,0.017598905791329167,0.0029197811582658334,0.004415947877924527,23301315.3508698,13661839.495297318,-0.15278740409573144
2026-03-27,0.005811895683981527,0.0005623791367963054,-0.0006289485001308564,23314419.524483044,13653246.901837723,-0.15231094940736378
2026-03-30,0.03754719957219972,0.006909439914439945,-0.0010618536521185946,23475509.105327506,13638749.151751729,-0.14645389284616528
2026-03-31,0.05585247168810372,0.010570494337620745,-0.0014171753836718952,23723656.841398135,13619420.65218979,-0.13743148855359744
2026-04-01,0.04006987205306263,0.007413974410612527,0.004408331021972255,23899543.426146414,13679459.566752126,-0.1310364276823336
2026-04-02,0.04145986956688508,0.007691973913377016,0.00490304865486663,24083378.090721954,13746530.622580193,-0.12435238255239123
2026-04-03,0.0366808331423585,0.006736166628471701,0.006911556948843773,24245607.73851754,13841540.551827181,-0.1184538742934399
2026-04-06,0.053057232436047964,0.010011446487209594,0.010488867051252375,24488341.342941586,13986722.630459815,-0.1096283224299216
2026-04-07,0.07417313935819356,0.014234627871638712,0.011142517301900827,24836923.769152027,14142569.929366602,-0.0969542129322648
