date,IC,RankIC,Top5_Return,Bottom5_Return,LongShort5,Top5_Direction_Acc,IC_20d,RankIC_20d,Top5_Return_20d,LongShort5_20d
2025-01-02,-0.008689848608484412,-0.0083589508325179,-0.02673968368960138,-0.030532616144699976,0.0037929324550985966,0.2,,,,
2025-01-03,0.09092593228145521,0.13027897928179033,-0.03219093962580113,-0.04742001176205313,0.015229072136251999,0.2,,,,
2025-01-06,0.27603644203434025,0.2638054844251231,0.0024927198651629734,-0.02814212338205684,0.030634843247219812,0.4,,,,
2025-01-07,0.15756292873817376,0.11348723924775274,-0.002190448604100714,-0.024310867057528475,0.02212041845342776,0.4,,,,
2025-01-08,0.345449303769133,0.21848010192652664,0.04491599647093201,-0.02116486708329517,0.06608086355422718,0.8,0.17225695164292357,0.14353857080973498,-0.0027424711166816468,0.027571625969245072
2025-01-09,0.1812389048332605,0.07550849311073848,0.02821144623433025,-0.014317670191146114,0.04252911642547637,0.6,0.17375394384131304,0.1322002245265689,0.002416515108487003,0.03006454104528362
2025-01-10,-0.16194349107252795,-0.050727883538633826,-0.011492020006422576,0.04894544229661744,-0.060437462303040014,0.4,0.12579716742505004,0.10606763766011137,0.0004295815206427772,0.01713568342409453
2025-01-13,0.011567621052142325,0.047215106599062945,0.01210995166946025,0.028723492878492497,-0.016613541209032245,0.6,0.11151847412843659,0.09871107127748031,0.0018896277892449613,0.012917030344953683
2025-01-14,-0.004617523278055236,0.07416117247608524,0.02875504879062978,0.046156365412403574,-0.017401316621773796,0.8,0.09861447441660416,0.09598330474399197,0.004874674567176608,0.009548325126428408
2025-01-15,-0.17322507892968458,-0.05946977032980502,-0.0076969604385348726,0.03172150260044102,-0.03941846303897589,0.4,0.07143051908197529,0.08043799723661227,0.0036175110666054598,0.004651646309887977
2025-01-16,-0.1093351223942052,-0.0854435252536852,-0.020948881173212853,0.026743776246978122,-0.04769265742019098,0.0,0.05499727894777706,0.0653578588284034,0.0013842026811674317,-0.00010692675648283685
2025-01-17,0.0168746797621907,-0.026981627313110042,-0.0059749840524389915,0.006738953216763921,-0.012713937269202912,0.6,0.05182039568231153,0.057662901649943955,0.000770937120033563,-0.0011575109658761764
2025-01-20,0.018694166379457505,-0.035940967144095934,0.0052969633071176855,-0.0030921244031960173,0.008389087710313704,0.6,0.0492722241974766,0.05046260405040242,0.0011190929805784955,-0.00042315722155387796
2025-01-21,0.22563004813424106,0.11113560727814156,0.06644202915752495,-0.009457875823861372,0.07589990498138632,1.0,0.06186921162153121,0.05479638999524094,0.005785016993217528,0.005028490078656136
2025-01-22,0.2518965873715754,0.08752799552071669,0.08186311798234418,0.01114162931135756,0.07072148867098661,1.0,0.07453770333820083,0.056978497030272655,0.010856890392492638,0.009408023318144835
2025-01-23,0.5566648919761058,0.3202759816493877,0.0704476431965539,-0.03593468975859242,0.10638233295514632,0.8,0.10467065262806988,0.07343458981896735,0.014581312442746467,0.015468917670457428
2025-01-24,0.22714835844070164,0.26624378226443357,0.054672585076526524,-0.00560396534560863,0.06027655042213515,1.0,0.11187522355822468,0.08477630702164182,0.016939622597674703,0.018104660773497292
2025-01-27,0.46575388884779556,0.4761904761904762,0.00457106485788541,-0.02384465161936642,0.02841571647725183,0.4,0.1315351494076453,0.10652153864213262,0.016252480501019746,0.018677497201483657
2025-01-28,-0.07675863730942002,-0.2142857142857143,-0.014692899680969273,-0.009295118493648257,-0.005397781187321015,0.4,0.12057231852779975,0.08963694638277227,0.01462377628091506,0.01741037728628341
2025-01-29,0.2791710186437072,0.4285714285714286,-0.0013142897834916845,-0.011038694000167859,0.009724404216676174,0.6,0.12850225353359512,0.10658367049220507,0.013826872977694724,0.01702607863280305
2025-01-30,0.050525942083195,0.19047619047619052,-0.024247022562997222,-0.027378264986400568,0.0031312424234033465,0.4,0.13146304306817908,0.1165254275576405,0.01395150603402493,0.016992994131218287
2025-01-31,0.46343863427308485,0.33333333333333337,-0.002183577629126243,-0.038311861683666334,0.03612828405454009,0.2,0.15008867816776056,0.12667814526021764,0.015451874133858673,0.01803795472713269
2025-02-03,0.2859050637151772,0.3117410325618473,0.04868095455454702,-0.0011815421785353886,0.049862496733082406,1.0,0.15058210925180243,0.12907492266705387,0.017761285868327877,0.01899933740142582
2025-02-04,0.40503868951149713,0.377497813004563,0.0562439962665783,-0.0019313227759765405,0.05817531904255484,0.8,0.1629558972904686,0.1422754513548944,0.020683008111861828,0.020802082430882177
2025-02-05,0.015241326278947115,0.29369112112509327,0.012820125882064382,0.036757234242275505,-0.023937108360211123,0.6,0.1464454984159593,0.1460360023148227,0.019078214582418446,0.01630118383516026
2025-02-06,-0.012472189156733586,0.21227900728573657,0.02808909014039136,0.055110359384780684,-0.027021269244389325,1.0,0.13675994371645958,0.1528745280235726,0.019072096777721502,0.012823664551666974
2025-02-07,-0.021703705308072137,0.103548794614277,0.020499541502668573,0.04874665854268565,-0.02824711704001708,0.8,0.14377193300468238,0.16058836193121814,0.02067167485317606,0.014433181814818122
2025-02-10,-0.04752370803086189,0.09196657288936956,0.05977308026005881,0.09064885496712036,-0.03087577470706155,1.0,0.14081736655053217,0.16282593524573347,0.02305483128270599,0.013720070139916657
2025-02-11,-0.03206238466618932,0.04880336227410298,0.028088289708870385,0.055984469670968616,-0.02789617996209823,1.0,0.13944512348112548,0.16155804473563437,0.02302149332861802,0.013195326972900438
2025-02-12,-0.14300479315635428,-0.005714781126646888,0.04008926271379103,0.07930402364868967,-0.039214760934898646,1.0,0.140956137769792,0.16424579419579227,0.025410804486234312,0.013205512078104295
2025-02-13,0.08000798042169387,0.11489361702127658,0.041130170578674366,-0.016970960763663667,0.05810113134233803,1.0,0.15042329291058693,0.17426265130954038,0.028514757073828677,0.01849520151623075
2025-02-14,0.2615174120479596,0.2586497128201423,0.015088424500781406,-0.0061269539060867075,0.021215378406868112,0.8,0.16265542952487538,0.188544218316203,0.029567927501489687,0.0201916673000343
2025-02-17,-0.13386254363066905,-0.14471160198991975,0.026591085840164543,0.024708705201522484,0.0018823806386420588,0.8,0.15502759402436905,0.1831056865739118,0.030632633628142038,0.019866331946450717
2025-02-18,0.24911805919176527,0.1876686298605761,0.03197293562198045,-0.041001218694234676,0.07297415431621512,1.0,0.15620199457724526,0.18693233770303352,0.02890917895136481,0.019720044413192157
2025-02-19,0.1309198236031083,0.13335666293393056,0.0019304826663256503,-0.01187867786360428,0.01380916052992993,0.8,0.1501531563888219,0.1892237710736942,0.024912547185563884,0.016874428006139322
2025-02-20,0.3217640907179022,0.19594339228392618,0.010848023027660813,-0.10191957703185708,0.1127676000595179,0.8,0.13840811632591174,0.18300714160542114,0.02193256617711923,0.017193691361357902
2025-02-21,-0.09739403852409254,-0.06988171081722123,-0.02592257242782874,0.010909443662430185,-0.03683201609025892,0.4,0.12218099647767203,0.1662008669513384,0.01790280830190147,0.012338263035738197
2025-02-24,-0.263614090820075,-0.18554680676278787,-0.04493255342466011,-0.004023115626102247,-0.040909437798557866,0.4,0.08571259749427848,0.1331140028036752,0.01542762738777419,0.008872005321947714
2025-02-25,-0.18289747711354548,-0.13710854251393623,-0.027749296679037316,0.012310778050831916,-0.040060074729869236,0.4,0.08040565550407222,0.1369728613922641,0.01477480753787079,0.007138890644820303
2025-02-26,-0.08336718314607948,0.0429816273229076,-0.018461770501033547,-0.014557262866194987,-0.00390450763483856,0.6,0.06227874541458289,0.11769337132983806,0.013917433501993698,0.006457445052244566
2025-02-27,-0.35291335784513994,-0.12131858902575589,-0.053537513525820236,-0.004069612565031422,-0.04946790096078881,0.0,0.042106780418166144,0.10210363235474071,0.012452908953852546,0.0038274878830349577
2025-02-28,0.33411652649877055,0.16326324193019834,0.008416644097376302,-0.03094878907584344,0.03936543317321974,0.6,0.035640675029450425,0.09360012778458397,0.012982920040177672,0.00398934533896894
2025-03-03,-0.07180541137772381,0.10069140905445978,-0.026607288716709875,0.00981151377663032,-0.036418802493340195,0.6,0.017755151274805377,0.0830476466092146,0.009218507876614827,-0.00032471962235218965
2025-03-04,0.12220180680070529,0.182375586643982,-0.00727080056170164,-0.018417868496110757,0.011147067934409116,0.4,0.0036133071392657817,0.07329153529118555,0.0060427680352008305,-0.002676132177759476
2025-03-05,0.3673002427597971,0.40273797150992513,0.0005429050880112474,-0.023746107001781768,0.024289012089793015,0.4,0.021216252963308282,0.07874387781042715,0.005428906995498174,-0.0002648261552592688
2025-03-06,0.23408912461529915,0.3831520598368072,0.034283986688237865,-0.0008338741778785464,0.03511786086611641,0.8,0.03354431865190992,0.08728753043798068,0.005738651822890499,0.002842130350266018
2025-03-07,0.07532591504734548,0.14477234312918685,-0.005459502488477375,0.019134754946187504,-0.02459425743466488,0.2,0.0383957996696808,0.08934870786372616,0.004440699623333202,0.0030247733305336275
2025-03-10,-0.000518227857169841,0.1505161855689835,0.038298212974198886,0.055738894272322106,-0.01744068129812322,0.6,0.0407460736783654,0.09227618849770687,0.003366956259040206,0.0036965280009805443
2025-03-11,-0.16972851532481467,-0.07275361405984518,0.008530323637285075,0.0639545651078856,-0.055424241470600516,0.4,0.03386276714543414,0.08619833968100946,0.0023890579554609404,0.00232012492555543
2025-03-12,-0.016691192960914283,0.03428763398549125,0.012279202204719186,0.036848296830815676,-0.02456909462609649,0.4,0.04017844715520614,0.08819846043661636,0.0009985549300073483,0.0030524082409955377
2025-03-13,-0.05206769022563761,-0.003135498320268757,0.0011094381578243607,0.049978272660518616,-0.048868834502694254,0.4,0.03357466362283956,0.0822970046695391,-0.0010024816910351518,-0.0022960900512560764
2025-03-14,-0.047349394075565814,-0.03560454945312342,0.010355262635734297,0.007209376943942658,0.003145885691791639,1.0,0.01813132331666329,0.06758429155587581,-0.0012391397842875073,-0.0031995646870099
2025-03-17,0.10740727132003039,0.03167693169092945,0.014435541715126177,-0.009944334567760494,0.02437987628288667,0.4,0.03019481406419826,0.07640371823991828,-0.0018469169905394258,-0.0020746899047976697
2025-03-18,0.1782686391509918,0.10524252954477074,0.04081642953109441,0.03923861066006677,0.0015778188710276406,0.8,0.02665234306215959,0.07228241322412801,-0.001404742295083727,-0.005644506677057044
2025-03-19,0.08342532758556734,0.10846202569364317,0.005031012466889306,0.018700862009340312,-0.013669849542451006,0.4,0.02427761826128254,0.07103768136211364,-0.0012497158050555446,-0.007018457180676091
2025-03-20,0.22360724658103634,-0.0064179955837304495,0.026772715346090315,-0.0012081379136487992,0.027980853259739116,0.6,0.019369776054439247,0.0609196119687308,-0.00045348118913406934,-0.01125779452066503
2025-03-21,0.33167221301237887,0.245996640537514,0.04398418537090008,-0.0378656102823675,0.08184979565326758,0.8,0.04082308863126282,0.07671352953646757,0.0030418567008023713,-0.005323703933488705
2025-03-24,0.050364339480517994,0.04508994201567901,-0.023327687453466472,-0.03580419583273555,0.012476508379269079,0.4,0.05652201014629247,0.08824536697539091,0.004122099999362053,-0.0026544066245973576
2025-03-25,0.3232735231397239,0.316993281075028,-0.037143767609649256,-0.03878059983698956,0.001636832227340304,0.0,0.08183056015895593,0.11095045815483913,0.003652376452831456,-0.0005695612767368807
2025-03-26,0.2689611133314628,0.23474244120940652,0.0018910546917900062,-0.027912652432840423,0.02980370712463043,0.4,0.09944697498283306,0.12053849884916408,0.004670017712472633,0.0011158494612365688
2025-03-27,0.3394055477532255,0.31748320268756997,-0.06167519418338878,-0.07258241427900394,0.010907220095615164,0.0,0.13406292026275132,0.14247858843483036,0.004263133679594205,0.004134605514056767
2025-03-28,0.18323217110111922,0.1678751399776036,-0.037528198322674865,-0.11141485636762924,0.07388665804495437,0.2,0.12651870249286873,0.14270918333720062,0.001965891558591648,0.005860666757643499
2025-03-31,0.19405813902096247,0.1711926091825308,-0.12218811151228728,-0.15386036137343723,0.03167224986114994,0.0,0.13981188001280306,0.1462342433436042,-0.002813149581187222,0.009265219375368006
2025-04-01,0.1316018383096449,0.20300951847704368,-0.16344125874397533,-0.1446289065707807,-0.01881235217319463,0.0,0.14028188158825006,0.14726593993525725,-0.010621672490300906,0.007767248369987818
2025-04-02,-0.028701488666296918,0.023334266517357226,-0.0991052422275059,-0.07301813108385438,-0.026087111143651517,0.0,0.12048179501694534,0.12829575468562887,-0.015604079856076763,0.005248442208315591
2025-04-03,0.5127537625393009,0.4991095586116392,0.0754405809187699,-0.03466323642486106,0.11010381734363096,0.8,0.13441502691314544,0.13409362962437046,-0.013546250144550163,0.00899774003219132
2025-04-04,0.18224704512366624,0.052732724054473865,0.05980112474955546,0.02348863871082547,0.03631248603872998,0.6,0.13976108341696147,0.1294916486706348,-0.01028321878264852,0.01204307720586106
2025-04-07,0.4442768973792875,0.43030303030303024,0.0881339132842546,0.06801956222392067,0.020114351060333935,1.0,0.16200083967878434,0.14348099090733715,-0.007791433767145736,0.013920828823783917
2025-04-08,0.39075471596523953,0.3260498320268757,0.14269016080643188,0.06170904221289377,0.0809811185935381,1.0,0.19002500124328706,0.1634211632116732,-0.0010834419086883957,0.02074109682699085
2025-04-09,0.2899017477692575,0.29889417693169096,0.158237267356024,0.048738776619984756,0.10949849073603925,1.0,0.20535464827979566,0.17665149035898317,0.006214461348876845,0.027444476095097637
2025-04-10,0.10678427023885177,0.12435610302351623,0.0387345093799585,-0.03028204657665525,0.06901655595661375,0.6,0.2132972463030201,0.18302607042617242,0.008095714909983552,0.033338745618063034
2025-04-11,-0.12453385848069463,0.09118141097424412,-0.07089400156322805,-0.03317213475570491,-0.03772186680752314,0.0,0.20943802308276366,0.1893653684475408,0.004033251700035436,0.0312953579930973
2025-04-14,0.05456743704604528,0.29062150055991043,-0.052303627798601295,-0.043754757147237686,-0.008548870651363609,0.0,0.20679603136906438,0.20231259689098985,0.0006962932243490619,0.029648920646384785
2025-04-15,0.21663218073174245,0.2959727880019528,-0.0014809393768324686,-0.0528849025430854,0.05140396316625293,0.6,0.20871420844810196,0.21184910981384894,-0.0014185752210472823,0.03214022786114605
2025-04-16,0.2873268839284301,0.3680863944815178,0.04582789961277407,-0.011767476100009255,0.05759537571278333,1.0,0.21890928626524508,0.22483032825324273,0.000621269136246956,0.035703489123907764
2025-04-17,0.2253719293565959,0.3350131235647243,0.05085424664256362,0.03599119754596589,0.014863049096597726,1.0,0.21899752040402304,0.2419018842106654,0.0018253457010706214,0.0350475989157507
2025-04-18,0.21801436394041182,0.2526062550120288,0.03887040583681336,-0.029801390338413135,0.0686717961752265,1.0,0.21331462795042472,0.24223236493439115,0.0015696567243662855,0.03438869894184864
2025-04-21,0.2907431567766038,0.154383460029963,0.0651268130114373,0.005592593896430298,0.059534219115007,1.0,0.225333568815229,0.24769704083510535,0.005992381747611474,0.036741584478635535
2025-04-22,0.33146810857794956,0.3433102719445431,0.07651006015371867,0.05001368954847667,0.026496370605242,1.0,0.22574329808714028,0.24901289037858115,0.011675073135779871,0.037984561397530626
2025-04-23,0.2996004869488771,0.2573208286674132,0.09463387912985088,0.024884291720462515,0.06974958740938837,1.0,0.227275266768011,0.2501418097514815,0.016312214357682913,0.03998185541176852
2025-04-24,0.24977169659122547,0.24930098439746853,0.066941805182132,0.006153742369390991,0.060788062812741,1.0,0.22279357420991097,0.24673269883697638,0.022743064325958955,0.04247589754762481
2025-04-25,0.29550967871795797,0.2753219484882419,0.07009497715784266,0.001986735442885079,0.06810824171495758,1.0,0.22840744959075293,0.25210503926250827,0.02812422309998483,0.042186976731124974
2025-04-28,0.03282693136747323,-0.017735162374020157,0.03377847930593012,0.02595919990499611,0.00781927940093401,0.8,0.22034588920807846,0.24265865068468076,0.0359225526408957,0.040994328208114175
2025-04-29,-0.24015523226741153,-0.30262181724433496,0.01488916303849439,0.07254748168440495,-0.057658318645910554,0.4,0.20175803567922562,0.21737708389861182,0.044839073730019184,0.03905202988447838
2025-04-30,0.10231492790229078,-0.01818181818181818,0.0010682527890926608,0.034528621381698654,-0.033460368592605996,0.6,0.20830885650765504,0.21530127966365303,0.049847748480849115,0.03868336701203066
2025-05-01,0.7077680367384518,0.4523809523809524,0.044187999866909376,0.00012082595932316753,0.04406717390758621,1.0,0.21805957021761255,0.2129648493521187,0.04828511942825609,0.03538153484022842
2025-05-02,0.3440453818385059,0.16363636363636364,0.023523906259488546,-0.009140315122545895,0.03266422138203444,0.8,0.22614948705335455,0.21851003133121316,0.04647125850375274,0.03519912160739364
2025-05-05,0.0975709606653527,0.05494366558452777,0.037149563451358315,0.049330789503029535,-0.01218122605167122,0.6,0.20881419021765782,0.19974206309528805,0.04392204101210793,0.03358434275179338
2025-05-06,-0.231515530876981,-0.23602210743055305,0.028071548468116568,0.08797462429430522,-0.05990307582618865,0.8,0.17770067787554678,0.17163846612241662,0.038191110395192164,0.026540133030807045
2025-05-07,-0.05279279130119943,-0.18552631578947368,0.05130190434904749,0.058144823786115296,-0.006842919437067808,0.8,0.16056595092202394,0.1474174414863584,0.03284434224484334,0.020723062522151694
2025-05-08,-0.13485924450490905,-0.12515397536394177,0.024348512772386567,0.044892090795927334,-0.020543578023540766,0.8,0.1484837751848359,0.13494193756698553,0.03212504241446474,0.016245055823143967
2025-05-09,-0.24862515741111366,-0.23255879059350507,-0.015595155788156623,0.04074369760117787,-0.05633885338933449,0.4,0.14227921023831497,0.11875492748859803,0.034889984703218316,0.015314206494053401
2025-05-12,-0.12499331019549707,-0.054682442198130864,-0.01703605824660177,0.025909357883758633,-0.0429454161303604,0.2,0.13330117287623783,0.10148973035069597,0.03665336318081829,0.01359437922010356
2025-05-13,-0.006257014078488265,-0.12596584546472564,0.011922927921333759,0.016961957687181207,-0.005039029765847448,0.4,0.12215671313572629,0.08039279867736206,0.037323556545726604,0.01077222957349854
2025-05-14,0.20647806932993587,0.11731522956326988,0.05447549871192085,0.018550570308827875,0.03592492840309298,0.8,0.11811427240580159,0.06785424043144965,0.03775593650068394,0.009688707208014024
2025-05-15,0.10490752740069868,0.06973781828536364,0.06044485890707887,-0.009451131167142867,0.06989599007422173,0.6,0.11209105230800673,0.054590475167481625,0.038235467113909696,0.012440354256895225
2025-05-16,0.07426973902303949,0.06602066776589896,-0.0133160722573056,-0.00750251033996181,-0.00581356191734379,0.4,0.10490382106213811,0.045261195805175125,0.03562614320920375,0.00871608635226671
2025-05-19,0.16395087373029016,0.1371925293699938,0.032586440988166585,0.005680281938099152,0.026906159050067432,0.6,0.09856420690982244,0.04440164927217667,0.033999124608040214,0.007084683349019733
2025-05-20,-0.05617645761531009,-0.033783712849146004,0.03503102760620713,0.0418241325922742,-0.0067931049860670695,0.6,0.07918197860015945,0.025546950032492216,0.03192517298066464,0.0054202095694542785
2025-05-21,0.1014920758799395,-0.0053051511758118695,0.04598312976317405,0.01019271800782775,0.0357904117553463,0.6,0.06927655804671258,0.012415651040330959,0.0294926355123308,0.003722250786752175
2025-05-22,0.10984079025881599,0.09225169757321473,0.03840126802191892,0.005860923468161361,0.03254034455375756,1.0,0.062280012730092094,0.004563186699118269,0.028065608654320146,0.0023098648738030026
2025-05-23,0.2236436802072914,0.21520458015238472,0.027037928479929606,-0.01607757559303773,0.04311550407296734,0.8,0.05868671280455877,0.001557318282325411,0.025912756220424493,0.0010602279917034906
2025-05-26,-0.05193072263423644,-0.10585404971932635,0.013505994358230123,-0.013872116337415141,0.027378110695645264,0.4,0.05444883010447329,-0.002848626084939899,0.024899131973039494,0.002038169556439053
2025-05-27,0.07053126701626014,0.042455207166853304,0.006014364332824785,-0.024901166575990154,0.030915530908814937,0.6,0.06998315506865686,0.014405225135619515,0.024455392037756013,0.006466862034175328
2025-05-28,-0.03206342829621721,0.07923459978561878,-0.007313514976229274,0.010230778906931737,-0.017544293883161012,0.4,0.06326423725873145,0.019276046033991363,0.024036303649489915,0.007262665769647578
2025-05-29,-0.1079837500864892,-0.08651346064393903,-0.005065010762303324,0.017091048493066797,-0.02215605925537012,0.6,0.02247664791748442,-0.007668674617253207,0.021573653118029282,0.003951504111499761
2025-05-30,-0.02276249517602599,0.009088643169669418,-0.005948000215097937,0.009213513642576231,-0.01516151385767417,0.4,0.004136254066757825,-0.015396060640587919,0.020100057794299957,0.0015602173495143303
2025-06-02,-0.08961209860375446,-0.06520248044424405,-0.043135231667579266,-0.022515426848349417,-0.02061980481922985,0.0,-0.005222898896697534,-0.021403367942026512,0.01608581803835308,0.0011382884111363987
2025-06-03,-0.10667377007320097,-0.059437199725463276,-0.0383766030672887,-0.007993736101349347,-0.03038286696593935,0.2,0.0010191891434914683,-0.012574122556772021,0.012763410461582816,0.0026142988541488638
2025-06-04,-0.24359776200273295,-0.24822566029867127,-0.0320540166681406,-0.003946467114416552,-0.028107549553724052,0.2,-0.008521059391585208,-0.0157090897822319,0.00859561441072341,0.0015510673483160515
2025-06-05,-0.1586264890585641,-0.200265966876788,-0.017220230958340355,-0.010446621961999747,-0.006773608996340608,0.2,-0.009709421619267961,-0.01946468935787421,0.006517177224187064,0.0022395657996760595
2025-06-06,-0.31714844456922014,-0.3145107105443774,-0.04067409217867664,-0.002712561799309565,-0.03796153037936707,0.2,-0.013135585977173287,-0.02356228535541783,0.005263230404661062,0.0031584319501744306
2025-06-09,-0.29808839210316856,-0.2090845464725644,-0.013912045010361895,0.032655867377056946,-0.04656791238741884,0.2,-0.021790340072556858,-0.03128239056913951,0.005419431066473057,0.0029773071373215085
2025-06-10,0.03907081879827954,0.026182902375938507,0.002893623950842206,0.0034504634711167935,-0.0005568395202745877,0.6,-0.019523948428718466,-0.023674953177106297,0.004967965867948479,0.0032014166496001513
2025-06-11,-0.12967905041360714,-0.178064742016299,0.006436446326204726,0.04523184745279143,-0.0387954011265867,0.6,-0.03633180441589562,-0.03844395175608474,0.0025660132486626727,-0.0005345998268838324
2025-06-12,0.0686183330992419,0.04517093074961432,0.00029935854543443606,0.018267754140395564,-0.017968395594961127,0.4,-0.03814626413096846,-0.0396722961328722,-0.000441261769419549,-0.004927819110342975
2025-06-13,0.04613514806145233,0.07474804031354983,0.03544000911831495,0.033253666968382764,0.0021863421499321856,1.0,-0.03955299367904782,-0.03923592750548966,0.0019965422993614783,-0.004527823906979177
2025-06-16,-0.03603333914040368,-0.010905591122155864,0.011069396916374541,0.013380042365833834,-0.0023106454494592928,0.4,-0.04955220432258251,-0.046640833530097146,0.0009206900957718763,-0.005988664131955513
2025-06-17,0.11075706411320332,0.05901868846262115,0.015305488353440321,0.0023177676355528253,0.012987720717887495,0.8,-0.04120552823615684,-0.04200071346450879,-6.558686686646432e-05,-0.004999622846757785
2025-06-18,0.019776838307783186,-0.04104986879154096,0.02070543329604906,0.0024427482040028535,0.018262685092046205,0.6,-0.045291290114764654,-0.04378794934529524,-0.0013294716902227137,-0.005876009179922789
2025-06-19,-0.045480586121792045,-0.04957374778495992,-0.029346787132647534,0.003058212268041216,-0.03240499940068875,0.0,-0.053057358933795054,-0.050879221613203976,-0.004716874447951036,-0.009123276377645106
2025-06-20,0.04507329413651367,0.12953708759790347,0.03390529196841337,0.01760973372049248,0.016295558247920887,0.8,-0.061985878237333945,-0.05516259624092804,-0.004373506273526848,-0.010464273668897428
2025-06-23,-0.16923770660852447,0.10219907894448815,-0.022376807555959166,0.04636894639756546,-0.06874575395352463,0.6,-0.06785122743604835,-0.04475993980773731,-0.006167646369236312,-0.015270466901355922
2025-06-24,-0.04896488546939315,0.045074365731888104,0.005882901417019748,0.034105048781825145,-0.028222147364805397,0.6,-0.073826035060331,-0.04462898187948557,-0.006174219515026565,-0.018227350815036937
2025-06-25,-0.06227134348214921,0.010876297859451604,0.01257680409058981,0.01886233476842052,-0.006285530677830709,0.6,-0.07533643081962761,-0.04804689697579394,-0.00517970356168561,-0.017664412654770423
2025-06-26,-0.17585458334939724,-0.14889938766773098,0.011295023054210462,0.011715926771509877,-0.00042090371729941456,0.6,-0.078729972482773,-0.051166193326983536,-0.0043617018708599214,-0.016577654877866888
2025-06-27,-0.153786453791506,-0.19130106138506475,0.008368835106549977,0.01283682579373575,-0.004467990687185773,0.6,-0.08528117041354702,-0.061185678554720235,-0.0036458601047775255,-0.016042978719342467
2025-06-30,-0.06651468411748494,-0.10044128094014798,-0.005774382567523939,0.005838791418132638,-0.011613173985656578,0.2,-0.08412629968923353,-0.06294761857951543,-0.0017778176497747589,-0.015592647177663805
2025-07-01,-0.08729134770416397,-0.17497961569121592,0.019285812164641446,0.022337723200736858,-0.0030519110360954123,1.0,-0.08315717857078167,-0.06872473937780307,0.0011053031118217482,-0.014226099381171609
2025-07-02,-0.09459154486493908,-0.06294792833146697,0.031104025035392092,0.03740762462712399,-0.0063035995917319,0.8,-0.07570686771389198,-0.05946085277944285,0.004263205196998384,-0.013135901883072001
2025-07-03,0.0038423799154346625,0.02799552071668533,0.040518955784995335,0.030369662262316723,0.010149293522678612,1.0,-0.06758342426519205,-0.04804777839976918,0.007150164534165168,-0.01228975675712104
2025-07-04,0.16975906383482064,0.1393748565147529,0.061337146689138144,0.011736498663943351,0.049600648025194795,1.0,-0.04323804884499001,-0.025353500046812666,0.012250726477555906,-0.007911647836892946
2025-07-07,0.08285597467874309,0.004745240761478163,0.0233214028000726,0.0222623313212456,0.0010590714788270006,1.0,-0.024190830505894424,-0.01466201068511054,0.014112398868077632,-0.0055302986435806535
2025-07-08,0.21144735394314057,0.19498862654109794,0.0236762787238197,0.0004802519343479972,0.023196026789471705,0.8,-0.015572003748651374,-0.006221724476852569,0.015151531606726507,-0.00434265532809334
2025-07-09,0.15074933454066056,0.09551141903839332,0.0235588184405112,0.012722307471231908,0.010836510969279291,0.6,-0.0015505845009379903,0.007457083575882045,0.01600765021244183,-0.0018610597233000396
2025-07-10,0.3009736134173846,0.28047705037812753,0.05950815157361515,-0.02367524654340205,0.0831833981170172,1.0,0.010067179514969144,0.019222389557307706,0.018968089863850866,0.003196529962298876
2025-07-11,0.1981231304546816,0.1955275591748488,0.05407005193145786,0.0033856505576977947,0.05068440137376007,1.0,0.017666578634630607,0.02526136550037265,0.01989959200450801,0.00562143292349027
2025-07-14,0.07228142175771876,0.06768640707770686,0.021318013838647665,0.02519337168839575,-0.003875357849748084,0.6,0.02308231667953673,0.029190965410365793,0.020412022850621665,0.00554319730347583
2025-07-15,0.06118264779284552,0.12035274356103022,0.035113988965066636,0.07085321630949222,-0.035739227344425584,0.8,0.020603595863518842,0.03225766816528624,0.021402447881202984,0.0031068499003601762
2025-07-16,-0.0641042119349653,0.0005599104143337066,0.028075539454534715,0.0704354354480972,-0.04235989599356249,1.0,0.016409543351381416,0.03433815712557998,0.021770953189127265,7.572084607974164e-05
2025-07-17,-0.06986320236338181,0.1252453990958085,0.0013407176412479683,0.0732715529544318,-0.07193083531318384,0.6,0.015190412539301928,0.0430791144696184,0.023305328427822042,-0.0019005709495450128
2025-07-18,0.0036759518432549388,0.16926091825307948,0.0794920155830233,0.10099960519130993,-0.021507589608286637,0.8,0.013120545424638993,0.045065306002377195,0.025584664608552538,-0.0037907283423553885
2025-07-21,0.1365410672006489,0.2883258678611422,0.08444779881320112,0.12414781862320035,-0.039700019809999224,1.0,0.02840948411509766,0.0543716454482099,0.03092589492701055,-0.0023384416351791186
2025-07-22,0.3232532232988214,0.35550656189748336,0.05509411865274656,0.011698433499002747,0.04339568515374381,0.8,0.04702038955350839,0.06989325525648966,0.03338645578879689,0.0012424499907483417
2025-07-23,0.3719963118566155,0.3603639547263545,0.04719191574140733,-0.05543269457439395,0.10262461031580128,0.6,0.06873377232044661,0.0873676380998348,0.03511721137133777,0.006687957040429941
2025-07-24,0.45837711508367873,0.4262597984322508,0.09854113833521483,-0.07807744792293944,0.17661858625815427,0.8,0.10044535724210042,0.1161255974048339,0.039479517135387984,0.015539931539202625
2025-07-25,0.37224087881581425,0.31471974636162175,0.03649954812766878,-0.05672864821184511,0.09322819633951389,0.6,0.12674672387246644,0.1414266377921682,0.04088605278644393,0.02042474089053761
2025-07-28,0.2303767076319693,0.1573283781097893,0.027374262528411707,-0.04538065277757623,0.07275491530598793,0.6,0.14159129345993915,0.15431512074466508,0.04254348504124071,0.024643145355119835
2025-07-29,0.42041483177464084,0.46527589640028705,0.08949151079179987,-0.008636089530967861,0.09812760032276774,1.0,0.16697660243387938,0.18632789634924024,0.04605376997259863,0.029702120923062993
2025-07-30,0.12312187365129014,0.24515677491601348,0.058583267811660324,0.05047441963829178,0.008108848173368544,1.0,0.17786227335969085,0.20173313151161426,0.04742773211141204,0.03042274331131801
2025-07-31,0.010650998100812863,0.04455502713852568,0.03189827652479471,0.03489985097729831,-0.003001574452503597,0.8,0.17820270426895973,0.20256110683270628,0.04699669814840201,0.029765199912558903
2025-08-01,0.1877149095030655,0.2591843369576997,0.06887212339631418,0.022894153224813297,0.04597797017150089,1.0,0.17910049655237198,0.20855158085485362,0.047373446983760815,0.029584066019874206
2025-08-04,-0.03233367124167569,-0.06012038073908174,0.040925609814404365,0.03525775716139323,0.005667852653011132,0.8,0.17334101425635107,0.20530829977982562,0.0482536573344774,0.029814505078583416
2025-08-05,0.004961517818836763,-0.009322508398656214,0.08970089128458021,0.04147943403153791,0.048221457253042305,1.0,0.16301672245013588,0.1950927430328379,0.05155488796251543,0.031065776601761946
2025-08-06,0.010119655570952707,0.14029955207166853,0.022306408535956047,0.013006414779129716,0.00929999375682633,0.8,0.15598523850165047,0.1973321496845017,0.051492267467287675,0.030988950741139297
2025-08-07,0.010859449762597147,0.06812805331089218,0.04848635961983827,0.08430696299639344,-0.03582060337655517,0.8,0.14147953031891108,0.18671469983113992,0.05094117786959883,0.02503875066646068
2025-08-08,0.23361901479997935,0.12318460200019112,0.1350344843236991,0.005190323900136229,0.12984416042356287,0.8,0.14325432453617598,0.183097551972407,0.05498939948921089,0.02899673861895082
2025-08-11,0.3143448104330043,0.294625891049855,0.12624794741502088,-0.007593738549911544,0.13384168596493243,0.8,0.15535749396994028,0.19444452617101443,0.060235896168029546,0.035882590809684846
2025-08-12,0.12090480903765811,0.1573650247218101,0.041329279699859243,0.10556253040475236,-0.06423325070489311,0.6,0.1583436020321809,0.19629514022905342,0.060546660704769176,0.03445788964166147
2025-08-13,0.18290332429914277,0.16371780515117582,0.03252068609587122,0.01037083087233801,0.02214985522353321,0.6,0.17069397884388632,0.2044530349658955,0.060768918036836005,0.03768337720251626
2025-08-14,0.14982304228517554,0.16385778275475923,0.007377524003456815,-0.007692665040682556,0.01507018904413937,0.4,0.18167829107631417,0.20638365414884308,0.06107075835494645,0.042033428420382414
2025-08-15,0.25644978773909893,0.1808192060814676,0.052780104993412166,-0.024905990150832058,0.07768609514424422,0.4,0.19431698287110638,0.20696156854026246,0.059735162825465885,0.046993112658008956
2025-08-18,0.01821295326294395,-0.044890817469204924,-0.021519592012075518,-0.03827974768684304,0.01676015567476752,0.4,0.18840057717422112,0.1903007342737451,0.054436793284202055,0.04981612143224729
2025-08-19,-0.07965503507004339,-0.016230459933119862,-0.030477112558786313,-0.01287642890052818,-0.017600683658258134,0.0,0.16825516425577786,0.17171388318221495,0.050158231723625414,0.0467663029916472
2025-08-20,-0.11351613209848288,-0.028135596779276344,-0.010895348230617196,0.016223065781677558,-0.027118414012294756,0.6,0.14397954205802296,0.1522889056069334,0.04725386852502419,0.0402791517752424
2025-08-21,-0.2850232291296426,-0.27860814931631644,-0.005364616438200942,0.0369977988068451,-0.042362415245046046,0.4,0.10680952484735691,0.11704550821950503,0.0420585807863534,0.02933010170008238
2025-08-22,-0.24500357546941928,-0.2819158801664804,0.0478299225928426,0.07868231322780157,-0.030852390634958975,1.0,0.07594730213309522,0.08721372689309995,0.04262509950961209,0.023126072351358735
2025-08-25,0.14526253261128105,0.1630879059350504,0.06431489125357204,0.053034254644589086,0.011280636608982951,1.0,0.07169159338206081,0.08750170328436299,0.0444721309458701,0.020052358416508483
2025-08-26,-0.16822323052879695,-0.19163202174360264,0.010202793149554324,0.029017382782102974,-0.018814589632548652,0.8,0.04225969026688892,0.05465630737716851,0.04050769506375783,0.014205248918742665
2025-08-27,0.07406169854902345,0.038774338950312584,0.02297048293139241,-0.01125223602519867,0.03422271895659108,1.0,0.039806681511775584,0.044337185578883456,0.038727055819744435,0.015510942457903793
2025-08-28,0.08391027910503095,0.09886618141097425,-0.05471710070551461,-0.03437692431363752,-0.020340176391877088,0.0,0.043469645561986486,0.04705274329250589,0.03439628695822897,0.014644012360935118
2025-08-29,-0.01331054629458488,-0.04561870100783875,-0.0258497052921407,-0.0260927313122258,0.0002430260200851006,0.4,0.033418372772103966,0.03181259139422897,0.02966019552380622,0.01235726515336433
2025-09-01,-0.9999999999999999,-0.9999999999999999,0.031085555693256994,0.031085555693256994,0.0,1.0,-0.014964943665812242,-0.015181389568816938,0.029168192817748857,0.012073872520713772
2025-09-02,0.21912563303994476,0.5757575757575757,0.04799569791866461,0.010940363212562264,0.03705533470610234,1.0,-0.004256737904756844,0.014072614638994655,0.02708293314945307,0.011515566393366775
2025-09-03,-0.011429797456410954,-0.030011303231228106,-0.029522727916493307,-0.023362009431843946,-0.006160718484649361,0.4,-0.005334210556125026,0.005557071873849824,0.024491476326830606,0.01074253078129299
2025-09-04,0.09587917616195371,0.05997361412975598,-0.024403823981967367,-0.03197828337487636,0.007574459392908996,0.2,-0.001083224236157198,0.005149349914793014,0.020846967146740326,0.012912283919766199
2025-09-05,0.03307101432411287,-0.06753919372900336,0.021575846968877356,-0.011008628015234079,0.03258447498411143,0.6,-0.011110624259950522,-0.004386839871666709,0.015174035278999234,0.008049299647793625
2025-09-08,0.09404665447800192,0.06717760284078604,0.05585110774288353,0.03007248266431404,0.02577862507856949,0.8,-0.022125532057700646,-0.015759254282120154,0.011654193295392367,0.0026461466034754795
2025-09-09,-0.03649908580034241,-0.10741097289440421,0.04248745265659082,0.02393426465285591,0.01855318800373491,0.8,-0.02999572679960067,-0.028998054162930876,0.011712101943228945,0.00678546853890688
2025-09-10,0.1534180597502135,0.13241274085389296,0.009429075127611198,0.003058245070302812,0.006370830057308386,0.8,-0.03146999002704713,-0.03056330737779502,0.010557521394815946,0.005996517280595639
2025-09-11,0.45158479505389953,0.5474460729269945,0.029020755492707682,-0.024795235564550655,0.05381599105725834,0.8,-0.016381902388610932,-0.01138389286918325,0.011639682969278487,0.007933807381251587
2025-09-12,0.20593002591035375,0.20842724205881552,0.008620488124106495,-0.052351077845187,0.0609715659692935,0.4,-0.018907890480048192,-0.010003491070315854,0.009431702125813205,0.007098080922504052
2025-09-15,-0.05099165895528975,-0.04917413213885779,-0.03070356521624351,-0.0593418673870876,0.028638302170844086,0.4,-0.022368121090959876,-0.010217656803798497,0.008972503465604806,0.007691988247307881
2025-09-16,0.14349792812780404,0.14311310190369542,-0.0036144296743257478,-0.012818679055357829,0.009204249381032082,0.6,-0.011210472931067507,-0.0022504787119577334,0.010315637609827833,0.009032234899272391
2025-09-17,-0.16801461056305145,0.05260358342665174,0.003273892502403131,0.02973410539539347,-0.02646021289299034,0.4,-0.013935396854295934,0.0017864802983386708,0.01102409964647885,0.009065144955237612
2025-09-18,0.09825764122747697,0.09720180854547675,0.016255106223071736,-0.008786041318953886,0.025041147542025622,0.4,0.0052286466635600454,0.02057697819142833,0.012105085779542484,0.012435323094591196
2025-09-19,0.13672086339671324,0.03315631669360215,0.03505157767200671,0.016065035928657156,0.01898654174334955,0.6,0.02431486860686667,0.03633058803443246,0.01146616853350069,0.014927269713506622
2025-09-22,0.05634292551193324,-0.049673789210580084,0.029049842918807633,0.0271003895766756,0.0019494533421320348,0.4,0.019868888251899284,0.025692503277150936,0.00970291611676247,0.014460710550164074
2025-09-23,0.06684115741697051,0.01006453057952157,0.009885299559745642,0.019863212070019377,-0.009977912510273735,0.2,0.03162210764918766,0.03577733089330714,0.009687041437272035,0.014902544406277824
2025-09-24,0.10978118010933305,-0.03554081104506991,-0.0022494770643553207,-0.017925838093858927,0.015676361029503608,0.2,0.03340808172720314,0.03206157339353802,0.008426043437484647,0.013975226509923448
2025-09-25,-0.13184159707578672,-0.20972511420333562,-0.04501287151950482,-0.011428697299413515,-0.0335841742200913,0.0,0.022620487918162253,0.016632008612822526,0.008911254896785138,0.013313026618512738
2025-09-26,0.18390977093350583,-0.009406528940309685,0.031187373912265604,-0.03566429906978361,0.06685167298204922,0.6,0.03248150377956679,0.01844261721619898,0.011763108857005452,0.01664345896661094
2025-09-29,0.12239773827436845,0.009052617890883123,0.033789715527002495,0.003454969937271191,0.030334745589731305,0.6,0.0886013906932852,0.06889524811074313,0.011898316848692728,0.018160196246097507
2025-09-30,0.34049232803071194,0.3401595744680851,0.07907120029628087,0.0008029527280679849,0.07826824756821288,1.0,0.09466972544282357,0.057115348046268596,0.01345209196757354,0.020220841889203034
2025-10-01,0.03987218312068773,0.040593505039193734,0.031691417615585096,0.009841605743999681,0.021849811871585415,0.8,0.0972348244716785,0.06064558845978969,0.01651279924417746,0.021621368407014774
2025-10-02,0.1043059231321102,0.04460401947122591,0.047865288041300594,-0.0003470371176986342,0.04821232515899923,0.8,0.09765616182018633,0.05987710872686319,0.02012625484534086,0.023653261695319287
2025-10-03,-0.038791323761304425,0.04500234801141495,0.03493701249274137,0.0655760595383694,-0.030639047045628025,0.6,0.09406304491591547,0.06550418581388409,0.02079431312153406,0.020492085593832313
2025-10-06,0.2397891034157593,0.11003849482259555,0.08982282304269677,-0.020045480708116757,0.10986830375081352,1.0,0.10135016736280333,0.06764723041297457,0.022492898886524722,0.024696569527444513
2025-10-07,0.16735545459986628,-0.03805959635756637,0.08306878750447726,-0.012552493949334841,0.0956212814538121,0.8,0.11154289438281377,0.07111479923981646,0.02452196562891904,0.028549974199948376
2025-10-08,-0.12460156952541095,-0.1444156257149743,0.06517882106452584,0.06141025608095611,0.0037685649835697277,0.6,0.09764191291903254,0.05727338091137311,0.027309452925764775,0.02841986094626144
2025-10-09,0.1811629456921193,0.19386767235034258,0.04239305536883087,-0.025871960008189365,0.06826501537702023,0.8,0.08412082045094353,0.03959446088254051,0.027978067919570936,0.029142312162249533
2025-10-10,0.24392917012692672,0.1775313369215764,0.037619414791773796,-0.018894384388085217,0.05651379917985901,0.8,0.08602077766177217,0.03804966562567856,0.0294280142529543,0.02891942382277781
2025-10-13,0.08074544921972115,-0.10708415664613682,-0.03648628832235192,-0.05411210221289649,0.017625813890544566,0.2,0.09260763307052271,0.0351541644003146,0.02913887809764888,0.028368799408762836
2025-10-14,0.19008134231022197,-0.03678611422172453,0.028344440455693266,-0.011286430661455538,0.0396308711171488,0.6,0.09493680377964361,0.026159203594043612,0.030736821604149832,0.029890130495568674
2025-10-15,-0.21308671080970149,-0.19771836506159013,-0.07184766072179109,-0.01106749604110011,-0.06078016468069098,0.0,0.09268319876731113,0.013643106169631514,0.026980743942940123,0.02817413290618364
2025-10-16,-0.1970891352304835,-0.20053191489361705,-0.06337287020500612,-0.030873035779206415,-0.032499834425799706,0.0,0.0779158599444131,-0.0012435800023231774,0.02299934512153623,0.025297083807792376
2025-10-17,-0.05731780390249615,-0.132755223808287,-0.019578511578956848,-0.011423557971774878,-0.00815495360718197,0.2,0.06821392657945262,-0.009539157027417634,0.02026784065898805,0.0239400090402658
2025-10-20,-0.19454232004820388,-0.1452248469830662,-0.0069937246320719735,-0.02062115996857552,0.013627435336503544,0.2,0.055669664301445765,-0.014316709916041942,0.01846566228144407,0.024523908139984375
2025-10-21,0.07350625185288803,0.0884670838144316,0.013186117658229612,0.014475614696184146,-0.0012894970379545342,0.6,0.05600291902324165,-0.010396582254296438,0.018630703186368266,0.02495832891360033
2025-10-22,0.30485778181317186,0.40015537568615567,0.03390616185934148,-0.010889133282368336,0.04479529514170981,0.6,0.06575674910843358,0.01138822708226484,0.020438485132553107,0.026414275619210642
2025-10-23,0.17110695301402107,0.1828107502799552,0.04716040347703987,0.022713380427014495,0.024447023050025374,1.0,0.08090417661292397,0.03101502030642938,0.025047148882380344,0.02931583548271648
2025-10-24,0.3169107758377903,0.4289058266806343,0.030640726086989888,-0.014744233826100128,0.045384959913090016,0.8,0.0875542268581382,0.05293063808747658,0.025019816491116554,0.02824249982926852
2025-10-27,-0.0921169254729191,0.15126250767619118,-0.045701054638341176,-0.016589803207818908,-0.02911125143052227,0.4,0.07682849367077382,0.060041132576741985,0.021045277982849372,0.025270199978255838
2025-10-28,0.313801620779893,0.2802274935714942,-0.010281050164526273,-0.05231614476567108,0.0420350946011448,0.6,0.07549395830823287,0.05704452853191244,0.016577665459809016,0.023458542329902434
2025-10-29,0.05596808802245491,0.1898262853809346,-0.036032738063679196,-0.04789810637933749,0.011865368315658292,0.4,0.07629875355332125,0.06450616754899947,0.0131914576758458,0.022959320152106076
2025-10-30,0.18785629677304574,0.14463885778275476,-0.01034107331938341,-0.04192132209526933,0.03158024877588592,0.4,0.080476272235368,0.06950790946457593,0.0102811396078116,0.022127716332950416
2025-10-31,0.15594006283885462,0.11905095184770438,-0.012681365451657944,-0.063186726030275,0.050505360578617056,0.2,0.09021284156537596,0.07321033965639039,0.007900220710591634,0.026184936714162665
2025-11-03,-0.14234815124224354,-0.15765898180410493,-0.03902342884362766,-0.03867844053865643,-0.0003449883049712263,0.0,0.07110597883247581,0.059825465825055366,0.001457908116275413,0.020674272111373432
2025-11-04,0.08784787981462702,0.07858370165117283,-0.008895713791155968,-0.05343280207880043,0.044537088287644466,0.6,0.06713060009321385,0.06565763072549233,-0.0031403169485062486,0.01812006245306505
2025-11-05,-0.011630052058590279,0.030488188995047304,-0.019729395398877015,-0.019185832613578712,-0.000543562785298303,0.2,0.0727791759665549,0.07440282146099342,-0.007385727771676393,0.017904456064621647
2025-11-06,0.12258048427330186,0.037077609867817475,0.01070160712511401,-0.006704404885364413,0.017406012010478422,0.4,0.06985005289561402,0.06656331833686716,-0.008970300183862235,0.015361505896294555
2025-11-07,0.17174471083794932,0.192934291803634,0.015839621992632957,-0.003823695522857995,0.01966331751549095,0.6,0.06624082993116515,0.06733346608097004,-0.010059289823819276,0.013518981813076156
2025-11-10,0.33191716647174013,0.2823176678828162,0.08149319690885796,-0.010375661634706334,0.0918688585435643,1.0,0.0787994157937661,0.08680355730741769,-0.0041603155622587824,0.017231134045727143
2025-11-11,0.2229293556570126,0.21949341751249732,0.06737166302967265,0.016034486111581803,0.05133717691809085,1.0,0.08044181646110563,0.09961753389412878,-0.002208954433559812,0.017816449335774243
2025-11-12,0.19871204485070126,0.21633538633818591,0.002087915056247569,-0.03289475694482349,0.03498267200107106,0.6,0.10103175424412576,0.12032022146411758,0.0014878243553421203,0.022604591169862347
2025-11-13,0.3077272775534695,0.23212273499101221,0.05037187666793406,-0.03021161871996141,0.08058349538789547,1.0,0.1262725748833234,0.14195295395834906,0.0071750616989891295,0.028258757660547102
2025-11-14,0.2562472717876106,0.1797592385218365,0.0253638843483186,-0.023778790754547585,0.049142675102866185,0.8,0.14195082866782877,0.15757867707485523,0.009422181495352903,0.03112363909604951
2025-11-17,0.262500873874271,0.013459718380459108,0.04311265670776314,-0.02992381055474318,0.07303646726250632,0.8,0.1648029883639525,0.16551290534303148,0.011927500562344658,0.03409409069234965
2025-11-18,-0.015312478068131219,-0.1832586786114222,-0.019093804921506318,0.006388423188990622,-0.02548222811049694,0.4,0.16036205186790153,0.1519266172217388,0.010313504433357861,0.03288445413872253
2025-11-19,0.05071268052934463,-0.04924429326840507,0.02806360746057699,0.02208509984036735,0.0059785076202096415,0.6,0.1476547968037102,0.12945663377401076,0.010021376713419638,0.030943614762647526
2025-11-20,0.2692232984312541,0.21530291591907832,0.056854524685513885,-0.01226911557851058,0.06912364026402447,0.8,0.15256061407457183,0.1310812420559669,0.010506082773843337,0.03317744562334747
2025-11-21,-0.08022178052715948,-0.04273546147544111,-0.003917637223824965,0.047147886553928944,-0.05106552377775391,0.4,0.13270398625632435,0.10749917764816315,0.008778164608302596,0.028354921438805282
2025-11-24,-0.06899426958940938,-0.10339957157735194,-0.0006171957732169275,0.009700226269656831,-0.010317422042873758,0.6,0.13386011905049983,0.094766073685486,0.011032357551558809,0.029294612908187707
2025-11-25,-0.0681605106733642,0.02501905508471002,0.029216738866013215,0.06818392404733786,-0.03896718518132465,0.8,0.11476201247783695,0.08200565176114677,0.013007247003085781,0.025244498919064228
2025-11-26,-0.06812005897315974,-0.08530761194189597,-0.0003047534197550217,0.0021804509222006496,-0.002485204341955671,0.4,0.10855760512805623,0.06824895689500525,0.01479364623528199,0.024526970286183534
2025-11-27,0.07205170953757488,0.08803411547612701,0.012673428455880976,0.011887218462200689,0.0007862099936802869,0.8,0.10276737576628267,0.06541871977967387,0.015944371324045213,0.02298726834707325
2025-11-28,0.2916516919582687,0.1652931316259128,0.03568803669845209,-0.005257075343601781,0.040945112042053866,0.8,0.10955295722225337,0.06773082876858429,0.01836284143155071,0.02250925592024509
2025-12-01,0.19257065890303027,0.1213410796000949,0.00976045687074023,0.0012722190050041826,0.008488237865736048,0.4,0.12629889772951705,0.08168083183879428,0.020802035717269105,0.022950917228780454
2025-12-02,0.23818150680976913,0.22331017833377692,0.02289398159306788,-0.02618988891553826,0.049083870508606145,0.8,0.13381557907927416,0.08891715567292449,0.0223915204864803,0.02317825633982854
2025-12-03,0.2182561207530969,0.0748556855286832,0.015909692563582167,-0.04134781105992569,0.05725750362350786,0.6,0.14530988771985856,0.09113553049960628,0.024173474884603256,0.026068309660268844
2025-12-04,0.1349791963948892,0.03720604703247481,-0.009281810156074922,-0.06877755231113877,0.059495742155063855,0.2,0.1459298233259379,0.09114195235783915,0.023174304020543813,0.02817279616749812
2025-12-05,-0.057616807330505525,-0.10321858180110537,-0.048146574901739125,-0.05462338374624467,0.0064768088445055425,0.2,0.13446174741751518,0.07633430867760217,0.019974994175825204,0.027513470733948848
2025-12-08,0.033591735605427324,0.012597984322508396,-0.05244085766518778,-0.0833697851430421,0.030928927477854314,0.0,0.11954547587419953,0.06284832449958679,0.01327829144712292,0.02446647418066335
2025-12-09,0.06307806545445131,0.13141106689327464,-0.04177814710241636,-0.05318012258563935,0.011401975483222991,0.2,0.11155291136407146,0.058444206968625644,0.007820800940518468,0.022469714108919958
2025-12-10,0.12553479711380344,0.10534861911193232,-0.01081907914727458,-0.0355274609334796,0.024708381786205023,0.2,0.10789404897722657,0.052894868607312975,0.007175451230342361,0.021955999598176658
2025-12-11,0.0381293759485875,0.0847427377620592,-0.034176298497691306,-0.035462311636310216,0.0012860131386189105,0.2,0.09441415389698246,0.045525868745865325,0.002948042472061092,0.017991125485712828
2025-12-12,0.18508588306967289,0.09170696883601456,0.05650383036213789,0.014379620163905793,0.04212421019823209,0.8,0.09085608446108559,0.04112325526157422,0.004505039772752057,0.017640202240481122
2025-12-15,0.17474256368631752,0.12362821948488242,0.08156404918802349,0.012762648300274626,0.06880140088774886,1.0,0.08646816895168791,0.04663168031679539,0.006427609396765075,0.017428448921743247
2025-12-16,0.1564107333918656,0.11308063822866911,0.060840036037530784,0.05001227548476002,0.010827760552770765,0.8,0.09505432952468776,0.06144864615879995,0.01042430144471693,0.019243948354906636
2025-12-17,0.21076310287024835,0.18074734566054157,0.08070850369902813,0.03362848403420611,0.04708001966482202,1.0,0.10305685064173294,0.07294822810524729,0.013056546256639486,0.02129902395713725
2025-12-18,0.10743800411273385,0.16126923118709122,0.02905745355123488,0.019167135434380422,0.009890318116854459,0.8,0.09496758592580692,0.07024654386864794,0.011666692699925537,0.018337357849778753
2025-12-19,-0.09376803744281759,0.13451618555918599,0.024676882165695923,-0.006435520636399006,0.03111240280209493,0.6,0.09429027308002402,0.07910912622037927,0.01309641866940158,0.022446254178771198
2025-12-22,0.18319697565416812,-0.02723973698132924,0.03863633706795568,-0.01113101798997711,0.0497673550579328,0.8,0.1068998353422029,0.08291711795018042,0.015059095311460213,0.02545049303381152
2025-12-23,0.05799508850548951,0.0647930063279499,-0.00763887316017402,-0.025798573087041077,0.018159699926867057,0.4,0.11320761530114558,0.08490581551234241,0.013216314710150851,0.02830683728922111
2025-12-24,0.01505735167409943,-0.08299315803736176,0.02237478727913844,0.023859447631231025,-0.001484660352092583,0.6,0.11736648583350855,0.08502153820756912,0.014350291745095523,0.028356864488714262
2025-12-25,0.3302777924256086,-0.009028904221075775,0.07412506436196042,-0.0016418868378666796,0.0757669511998271,0.8,0.13027778997791023,0.08016838722270898,0.017422873540399494,0.032105901549021605
2025-12-26,0.13433260059528968,0.04299442185450946,0.06511785781006652,0.012028435694935146,0.05308942211513137,0.6,0.12241183540976128,0.07405345173413883,0.018894364595980217,0.032713117052675475
2025-12-29,0.20012439018352807,-0.02368421052631579,0.06321882379172636,-0.007294221648242671,0.07051304543996903,0.6,0.12278952197378616,0.06680218722781829,0.021567282942029524,0.035814357431387125
2025-12-30,0.002497628946225293,-0.014697854114739426,0.043067682299610624,0.03948903502367822,0.003578647275932406,0.4,0.11100532808060899,0.05490178560539246,0.02257596797735666,0.03353909626975344
2025-12-31,0.06605610698884405,-0.019990680167309444,0.0659828946039773,-0.00789544585517452,0.07387834045915181,0.6,0.10339532739239632,0.05015946732059284,0.025079628079376415,0.03437013811153564
2026-01-02,0.4964260885749588,0.5515151515151515,0.0584245803529214,-0.02376019177072721,0.08218477212364861,1.0,0.12146767200139981,0.07587492254472668,0.028464947604826228,0.03550458960996487
2026-01-05,-0.04076927269333905,-0.12330627099664054,0.04464659634895032,0.02561064759287295,0.019035948756077368,0.4,0.12231004873325813,0.07487053808494991,0.0331046061673607,0.036132546605543464
2026-01-06,-0.056172295640293995,-0.060946248600223955,0.06166032006535085,0.0188498674536385,0.042810452611712346,0.6,0.11782184717097208,0.07119332643881329,0.03880966505388764,0.036726622862236366
2026-01-07,0.3038412126983251,0.29686554054472275,0.05595669802312701,-0.044154970895799006,0.10011166891892602,0.8,0.12986000453316576,0.0794660501213857,0.0436964073101648,0.04116210753402152
2026-01-08,0.1498779806935143,0.23607305456840577,0.0035734372607719943,-0.02001735449010833,0.023590791750880323,0.6,0.1310771637121513,0.08600227189420936,0.044416033130567134,0.04110622803225529
2026-01-09,0.25140745497761025,0.2270996640537514,0.11629785273472681,0.03649037808001485,0.07980747465471197,0.8,0.14174106766360245,0.09312011820879398,0.05193974069218804,0.04503230110805993
2026-01-12,0.13948055850997312,0.13089488935897942,0.04443974146344476,0.017191516296525534,0.027248225166919226,0.2,0.13946080143561743,0.09507951423494222,0.051336536247253386,0.04428850185649429
2026-01-13,0.3095408035454745,0.20932805900785975,0.08675276706381194,-0.0005818263525926958,0.08733459341640464,0.6,0.1462007134285753,0.09936450621109108,0.05159597214104281,0.045215161482927084
2026-01-14,0.24725598025714104,0.13748600223964166,0.062375296121383636,0.013558353108629139,0.04881694301275449,0.8,0.15074297577183907,0.10058477441163971,0.051672735145235446,0.04711462060592627
2026-01-15,-0.04283394084981315,0.01719051306704941,0.00038718511350082084,0.01594130621458951,-0.01555412110108869,0.6,0.138063123585836,0.0924069327819651,0.04765666921595908,0.04398291356763074
2026-01-16,-0.16662091769667867,-0.11069428891377381,-0.018715801176570745,0.007155690068321086,-0.025871491244891832,0.2,0.12436017749536536,0.07880875677692187,0.0452680064795688,0.04219482309954342
2026-01-19,-0.032951998885790236,0.010443245607640154,-0.015692840449446566,-0.026818543250399805,0.011125702800953239,0.4,0.12740097942321674,0.07260510977934456,0.043249520348811674,0.04119548809948634
2026-01-20,0.07173480343553185,0.051161814109742444,-0.036479741138930065,-0.03924590815786442,0.002766167018934354,0.0,0.12182787081228492,0.07652518733389815,0.03949371643846739,0.03884542869753641
2026-01-21,-0.18218544697703512,-0.14377900181624415,-0.022383127678880822,0.006535904854816743,-0.028919032533697566,0.4,0.1098188440381587,0.06609658692668845,0.03875650371253205,0.03649149207450818
2026-01-22,0.055777020742144384,0.014823680094156045,-0.027912966959404352,-0.05911891167821672,0.03120594471881237,0.2,0.11185482749156092,0.07098742883326434,0.03624211600060491,0.03812602232805343
2026-01-23,0.18018693986763373,0.11003009756076901,0.06945847388361574,-0.029730418659051037,0.09918889254266677,0.8,0.1043502848636622,0.07694037892235657,0.036008786476687676,0.03929711939519541
2026-01-26,0.17746096138341047,0.20856954886630233,0.06399271235250618,0.04795741545761034,0.016035296894895842,1.0,0.10650670290306825,0.08521913527294622,0.03595252920380966,0.03744441313418363
2026-01-27,0.06458598337126516,0.20829440192737397,-0.012667127681491808,-0.007047026330086336,-0.005620101351405471,0.6,0.0997297825624551,0.09681806589563072,0.032158231630148755,0.03363775579461491
2026-01-28,-0.13692757624267735,0.18047375585831343,-0.03234667377565077,-0.0047560719441488205,-0.02759060183150195,0.4,0.09275852230300996,0.10657664639428335,0.02838751382638568,0.03207929333924319
2026-01-29,-0.020460295237204374,0.09079582859785597,-0.018510512594279514,-0.04614464327445054,0.027634130680171023,0.2,0.08843270219170754,0.11211597183254163,0.02416284346647284,0.029767082850294158
2026-01-30,0.07669553969100108,0.062269254861995436,-0.00970137438678742,-0.06199758630343359,0.05229621191664617,0.2,0.06744617474750966,0.08765367699988383,0.0207565457294874,0.028272654839944032
2026-02-02,0.2279439894240506,0.09406527878444629,0.008166612191246259,-0.049442984288184166,0.057609596479430425,0.6,0.08088183785337913,0.09852225448893817,0.018932546521602197,0.030201337226111687
2026-02-03,0.25386598269501787,0.05527715565509518,0.012730096351562147,-0.1002823243662329,0.11301242071779505,0.4,0.09638375177014473,0.10433342470170412,0.016486035335912762,0.03371143563141582
2026-02-04,0.43360701643930527,0.07988521836506159,0.08410884966945742,-0.07982801424580199,0.1639368639152594,0.8,0.10287204195719375,0.09348440859272107,0.017893642918229282,0.03690269538123249
2026-02-05,0.36391049392191704,0.11391536836738043,0.1024532571113373,-0.0003360597067363802,0.10278931681807368,0.8,0.11357366761861387,0.0873765242826698,0.022837633910757545,0.04086262163459216
2026-02-06,0.4012271009449091,0.17084164489901507,0.09500066371265925,-0.005357882851735019,0.10035854656439427,0.8,0.12106464991697882,0.08456362332493297,0.02177277445965417,0.04189017523007627
2026-02-09,0.5171997834370826,0.38475643896976486,0.11769729751949995,0.02171604787833774,0.09598124964116221,1.0,0.1399506111633343,0.09725670080547225,0.02543565226245693,0.045326826453788424
2026-02-10,0.263879435619277,0.2838185890257559,0.08262571693040606,0.06638217512678812,0.016243541803617936,0.8,0.13766754276702442,0.10098122730636705,0.02522929975578664,0.041772273873149086
2026-02-11,0.13425757965794868,0.1699188129899216,0.06175684222755147,0.029938721664824454,0.031818120562727016,0.8,0.1320176227370648,0.10260286784388103,0.02519837706109503,0.040922332750647716
2026-02-12,0.06311290528594678,0.2806642367689329,-0.003759114385108875,0.017750801756819357,-0.021509916141928234,0.4,0.1373149650438528,0.11577655402897524,0.024991062086164546,0.04062454299860574
2026-02-13,0.09878240842010934,0.1996250392854815,0.026669461734102496,0.048133528564197815,-0.02146406683009532,0.6,0.15058513134969218,0.13129252043893797,0.0272603252316982,0.040844914219345566
2026-02-17,0.476256157100371,0.523809523809524,0.036951814612687414,0.01364203333254701,0.023309781280140406,0.8,0.17604553914900026,0.15696083434903219,0.029892557984804908,0.04145411814330492
2026-02-18,0.8361934216487001,0.7857142857142858,0.04658218137207335,0.025182405997170188,0.021399775374903163,1.0,0.2142684700596587,0.19368845792925934,0.034045654110355074,0.04238579856110336
2026-02-19,0.6877137443362524,0.5833333333333334,0.05137671338730021,0.011305123427621532,0.040071589959678675,1.0,0.25776342962532306,0.2300440746867382,0.03773364616366413,0.04583532968577217
2026-02-20,0.29617414357003136,0.2833333333333333,0.025710186737875396,-0.009580985740389769,0.035291172478265166,0.6,0.2697832857667174,0.24346955734869707,0.04041480384852811,0.046039591073744814
2026-02-23,0.06360412189200806,0.1232362821948488,-0.06194180011976347,-0.03159049498081603,-0.03035130513894744,0.2,0.2639541448679361,0.2441298665804011,0.03384479014835915,0.0395625811896641
2026-02-24,-0.0005000896006086543,-0.04553471444568869,-0.038532812738998445,-0.07100980819040988,0.03247699545141143,0.2,0.25505609231873516,0.23142465341480153,0.02871851389378392,0.04038466611748988
2026-02-25,-0.08217087331302002,-0.07369820828667413,-0.03950339142530155,-0.05108975338900568,0.011586361963704127,0.2,0.24771824948452092,0.2173250229040991,0.027376700706593437,0.04124498928324536
2026-02-26,-0.17591503648654444,-0.16982082866741322,-0.04729942296556171,-0.06612825134294231,0.018828828377380605,0.2,0.24576887647232754,0.1998102936778128,0.026629063247097885,0.04356596079368949
2026-02-27,0.15680129271473975,0.10061770761839396,-0.04549882363459845,-0.0849923033217009,0.03949347968710244,0.2,0.2546319558699247,0.2003013876288397,0.025279647695081942,0.04415892824403606
2026-03-02,0.02331850502672751,-0.028992522486724705,-0.10084476828816169,-0.10056338395146754,-0.0002813843366941543,0.0,0.2519631041367111,0.19573829876140367,0.020722478000013228,0.041530048431369045
2026-03-03,-0.02195768112892397,-0.10011933132526073,-0.08034641530981199,-0.0898311178253649,0.009484702515552917,0.0,0.23946802060906233,0.1860290682559183,0.016296826624960313,0.039123803733175165
2026-03-04,0.11395290876118282,-0.0011478203661197315,-0.010117778269809464,-0.025052290184373292,0.014934511914563828,0.4,0.23247236691237058,0.1832078194548576,0.015154432893891734,0.03421990829301361
2026-03-05,-0.019605222561418285,-0.11301791713325869,-0.04408209924449933,-0.06285253364550077,0.018770434401001436,0.0,0.2098117549623344,0.17356266267994155,0.008744885448193896,0.02696158681730071
2026-03-06,-0.1193600397369208,-0.08090733800209815,-0.0782366616723654,-0.05421920505785742,-0.02401745661450798,0.0,0.18564822827939254,0.16382152736146766,-0.0002896104909912385,0.020621248145671626
2026-03-09,-0.20077552957288314,-0.04267917133258679,-0.04348636096669023,0.08164759066044333,-0.12513395162713356,0.6,0.15554809675350292,0.15314548654988752,-0.007213961724958712,0.009346623236095232
2026-03-10,-0.06865066064902316,0.04461801728056883,-0.0380806042071022,0.027036248259807705,-0.0651168524669099,0.6,0.1262555745491976,0.13613856546542774,-0.015002856811288823,0.0012917181306916277
2026-03-11,0.2903896653849941,0.32326427771556554,0.01810701662059393,-0.035190840649267495,0.05329785726986143,0.4,0.12758108603748347,0.13811084989991823,-0.018228791826779427,0.0031444339040038022
2026-03-12,0.12157647144307152,0.0747832964145691,0.0027360761871581428,-0.027928808447301678,0.03066488463445982,0.4,0.12694703062673962,0.1333540740711506,-0.021179830128799093,0.0030867721075904424
2026-03-13,0.030669491893000164,0.13778043736239656,-0.015312935178198827,-0.024723575354612382,0.009410640176413555,0.6,0.12532485995709228,0.1262098841008238,-0.02175752116845359,0.004632799923507532
2026-03-16,0.11139760092002937,0.08556830907054871,-0.02955413852624449,-0.05322630914478823,0.02367217061854374,0.0,0.12595561958208829,0.12050704759007713,-0.02456870118147094,0.006889611795939485
2026-03-17,-0.14425968602685074,-0.11270996640537516,-0.02554091035877588,-0.028774087055420016,0.0032331766966441355,0.4,0.0949298274257272,0.08868107307933219,-0.027693337430044106,0.005885781566764671
2026-03-18,-0.099042556281984,0.1067609182530795,-0.05665760697184059,-0.026086050073392063,-0.03057155689844853,0.4,0.048168028529193,0.05473340470627188,-0.0328553268472398,0.0032872149530970866
2026-03-19,-0.26233364836685824,0.03807404141275207,-0.08055132558716624,-0.029501318622414386,-0.05105000696475186,0.2,0.0006656588940374631,0.027470440110242817,-0.03945172879596313,-0.0012688648931244398
2026-03-20,-0.1351682635935677,-0.015999440089585665,0.005719596346248856,0.02045746305559215,-0.014737866709343295,0.4,-0.02090146146414249,0.012503801439096865,-0.040451258315544456,-0.0037703168525048624
2026-03-23,-0.08197502525898569,0.010582343863250207,0.019565856604704425,0.06474956313321907,-0.045183706528514646,0.8,-0.02818041882169218,0.006871104522516937,-0.03637587547932106,-0.004511936921983223
2026-03-24,0.004286144140307466,0.1851420252741784,0.004672295342711674,0.008274280393249978,-0.003601985050538304,0.6,-0.02794110713464637,0.01840494150851029,-0.034215620075235556,-0.00631588594708071
2026-03-25,0.07052981798851843,0.19272377430443993,0.015908338502295803,0.0042176081664776046,0.0116907303358182,0.6,-0.02030607256956945,0.03172604063806599,-0.03144503357885568,-0.0063106675284750075
2026-03-26,-0.04170422167555905,0.019415165387755794,0.017598905791329167,0.023991189071345433,-0.006392283280016266,0.6,-0.01359553182902018,0.04118784034082444,-0.028200117141011137,-0.00757172311134485
2026-03-27,-0.015792316650011653,-0.08645016797312431,0.005811895683981527,-0.01165912049935578,0.017471016183337306,0.4,-0.02222521229725775,0.03183444656124853,-0.025634581175082143,-0.008672846286533106
2026-03-30,0.1041911909315598,-0.06907991433927531,0.03754719957219972,-0.00979824996481129,0.04734544953701101,0.4,-0.018181578002016134,0.029830076968621,-0.018714982782064068,-0.006291504592847848
2026-03-31,0.14745808716446412,-0.09552838415956368,0.05585247168810372,-0.03353166872724471,0.08938414041534842,0.8,-0.009710789587346733,0.030059624326905853,-0.011905038432168285,-0.0022965326978580725
2026-04-01,0.08389511091155444,-0.06999702543459234,0.04006987205306263,0.017946977646327245,0.022122894406735386,0.6,-0.01121367947982815,0.026617164073482226,-0.009395655916024679,-0.001937113573249495
2026-04-02,0.05884391459821264,-0.024846198532233202,0.04145986956688508,0.0905925887653718,-0.04913271919848672,0.6,-0.007291222621846604,0.031025750003533498,-0.00511855747545546,-0.005332271253223902
2026-04-03,0.2171220403937528,0.07028799209446249,0.0366808331423585,0.03069133714174317,0.005989496000615335,0.8,0.009532881384687077,0.03858551650836153,0.000627317265280736,-0.0038319236224677367
2026-04-06,0.11764910628467203,0.14113276237653305,0.053057232436047964,0.03309844642803585,0.01995878600801211,0.8,0.025454113177564835,0.047776113193817527,0.005454496935417646,0.003422713259289547
2026-04-07,0.08638210163942465,0.1183198110127637,0.07417313935819356,0.06359910652569982,0.010574032832493738,1.0,0.033205751291987225,0.051461202880427256,0.011067184113682434,0.007207257524259729
